9.629674636483747108e-01
9.608664789303134057e-01
9.629674636483747108e-01
9.680927713320758299e-01
9.187576879280201503e-01
9.629674636483747108e-01
6.039378097433502068e-01
7.822819093505802845e-01
1.141619482313105255e-01
7.498226209525565844e-01
9.331200098560523681e-01
7.822819093505802845e-01
7.747664790371072696e-01
7.747664790371072696e-01
7.747664790371072696e-01
7.747664790371072696e-01
9.294067503873222336e-01
7.747664790371072696e-01
2.329892401119744438e-01
3.513358025569646159e-01
7.002386797447899269e-01
9.294067503873222336e-01
9.294067503873222336e-01
5.561871224095225053e-01
9.294067503873222336e-01
9.294067503873222336e-01
9.578199421215630727e-01
9.697098121131818571e-01
1.430934061331429474e-01
2.835584106956452466e-01
1.243531285985558371e-01
8.918558881206557487e-01
8.920923677024393816e-01
4.760895099338039449e-01
9.970216979899867993e-02
8.705135269068614567e-01
9.578199421215630727e-01
9.294067503873222336e-01
9.679821531242072119e-02
8.639415414692329653e-01
8.024136579493346133e-01
4.419460601253071830e-01
7.508493066172225450e-02
3.119975244616507437e-01
6.943969572114947475e-01
7.321125743966712396e-02
2.298523165967729653e-01
3.039441194245465772e-01
1.439722108776652076e-01
9.086953216971861425e-01
7.002386797447899269e-01
4.924767545581695272e-01
3.584638197647943003e-01
2.777815297561597729e-01
2.143453167520869562e-01
1.252025922836799976e-01
5.173837494531025039e-01
1.702878290762359359e-01
1.556428697080516621e-01
6.947348843217107106e-01
9.258618454081735116e-01
9.622112455868323533e-01
9.622112455868323533e-01
9.622112455868323533e-01
9.797516887331021440e-01
8.801552821650532321e-01
9.622112455868323533e-01
9.622112455868323533e-01
9.797516887331021440e-01
9.068579321490811695e-01
9.258618454081735116e-01
9.622112455868323533e-01
9.797516887331021440e-01
9.622112455868323533e-01
9.797516887331021440e-01
9.622112455868323533e-01
9.622112455868323533e-01
9.622112455868323533e-01
9.797516887331021440e-01
9.622112455868323533e-01
9.797516887331021440e-01
9.622112455868323533e-01
9.622112455868323533e-01
9.781548712042963389e-01
7.816963859135759307e-01
9.622112455868323533e-01
3.596055426110664199e-01
8.949293635692459059e-01
9.622112455868323533e-01
9.797516887331021440e-01
9.068579321490811695e-01
9.622112455868323533e-01
9.659517935429862145e-01
9.727260119615829259e-01
9.797516887331021440e-01
9.639999713833715678e-01
9.622112455868323533e-01
8.949293635692459059e-01
8.801552821650532321e-01
2.653841341710668975e-02
3.596055426110664199e-01
8.949293635692459059e-01
9.054313671919163031e-01
7.682117961059501399e-01
8.424392818908573721e-01
9.459923250113241311e-01
9.659517935429862145e-01
8.949293635692459059e-01
9.797516887331021440e-01
3.596055426110664199e-01
8.949293635692459059e-01
9.786884950390600801e-01
9.786884950390600801e-01
9.591205835918032996e-01
9.798676272257708098e-01
2.625161121916641180e-02
9.067489138453120601e-02
5.480662602990644672e-01
6.676276595476812181e-01
7.816963859135759307e-01
9.539015538891596480e-01
9.797516887331021440e-01
2.674685774445422770e-01
9.798676272257708098e-01
9.591205835918032996e-01
7.682117961059501399e-01
9.786884950390600801e-01
5.480662602990644672e-01
9.159835731470916675e-01
9.798676272257708098e-01
9.700266964284683935e-01
9.591205835918032996e-01
9.591205835918032996e-01
9.786884950390600801e-01
7.682117961059501399e-01
7.682117961059501399e-01
9.591205835918032996e-01
9.700266964284683935e-01
9.798676272257708098e-01
9.591205835918032996e-01
9.639999713833715678e-01
9.591205835918032996e-01
9.591205835918032996e-01
9.591205835918032996e-01
9.906765930164426193e-01
9.591205835918032996e-01
9.906765930164426193e-01
9.906765930164426193e-01
1.296368877999417024e-01
9.906765930164426193e-01
9.906765930164426193e-01
9.735699939103487077e-01
9.627453544434354527e-01
9.906765930164426193e-01
9.591205835918032996e-01
9.906765930164426193e-01
9.798676272257708098e-01
9.906765930164426193e-01
9.906765930164426193e-01
9.906765930164426193e-01
9.906765930164426193e-01
9.906765930164426193e-01
9.906765930164426193e-01
9.906765930164426193e-01
9.906765930164426193e-01
9.906765930164426193e-01
9.906765930164426193e-01
9.906765930164426193e-01
9.906765930164426193e-01
9.906765930164426193e-01
9.186447105921127232e-01
9.906765930164426193e-01
9.906765930164426193e-01
9.906765930164426193e-01
9.906765930164426193e-01
9.906765930164426193e-01
9.906765930164426193e-01
9.906765930164426193e-01
9.906765930164426193e-01
9.906765930164426193e-01
9.906765930164426193e-01
9.906765930164426193e-01
9.906765930164426193e-01
9.906765930164426193e-01
9.906765930164426193e-01
6.631073547305189608e-01
9.906765930164426193e-01
9.906765930164426193e-01
9.735699939103487077e-01
9.627453544434354527e-01
9.906765930164426193e-01
9.906765930164426193e-01
9.906765930164426193e-01
9.906765930164426193e-01
9.906765930164426193e-01
4.105396408456252200e-01
9.627453544434354527e-01
9.627453544434354527e-01
6.377035967206211575e-01
6.377035967206211575e-01
6.377035967206211575e-01
9.574816910402768333e-02
3.582752872327752969e-01
7.131605934713481920e-01
7.711264505174711958e-01
3.846288722172324093e-01
6.850822364484860927e-01
5.846313017111616217e-01
1.076953365609065183e-01
4.605645434817211004e-01
7.868743133184881167e-01
9.186447105921127232e-01
8.555964537278205606e-01
8.324497810289001321e-02
7.765321376493704575e-01
1.614753155678761987e-01
1.670988828983785146e-01
1.125486923917692755e-01
1.511773509518499203e-01
7.655227186550256357e-01
6.267780030675970671e-02
9.906765930164426193e-01
4.312924947934018705e-01
7.794769656585782691e-01
2.983722485259269752e-01
5.856588953925616348e-02
8.948696146402352891e-01
1.017419813590538930e-01
7.911946927534462271e-01
9.431027298215735044e-01
9.906765930164426193e-01
9.906765930164426193e-01
9.906765930164426193e-01
8.896001659316326027e-01
5.733786203545820914e-01
7.959248642613904190e-01
6.703080080682246589e-01
7.382705866866120514e-01
8.949293635692459059e-01
1.411849962004721459e-01
2.466851204352932536e-01
8.678098421031023024e-01
9.047796995430058553e-01
9.906765930164426193e-01
9.906765930164426193e-01
9.906765930164426193e-01
9.609696608660441841e-01
9.609696608660441841e-01
8.589374367368121099e-01
5.111103707213445757e-01
6.273615320734806655e-01
8.910415499229867864e-01
5.275790443389869466e-01
9.906765930164426193e-01
9.906765930164426193e-01
9.906765930164426193e-01
9.906765930164426193e-01
9.906765930164426193e-01
9.906765930164426193e-01
9.906765930164426193e-01
9.906765930164426193e-01
9.906765930164426193e-01
9.906765930164426193e-01
9.906765930164426193e-01
9.906765930164426193e-01
9.906765930164426193e-01
9.906765930164426193e-01
9.906765930164426193e-01
9.906765930164426193e-01
9.906765930164426193e-01
9.906765930164426193e-01
9.906765930164426193e-01
9.906765930164426193e-01
9.906765930164426193e-01
1.531891945600226679e-01
2.213542424257468888e-01
7.297529200583423303e-02
2.058071037875598697e-01
6.367302786946777982e-01
5.149136486460827999e-01
8.910415499229867864e-01
2.133255057198342186e-01
8.031710208714754051e-01
6.748553067951001960e-02
1.379917736159299857e-01
6.429216609722084863e-01
7.672277663788878987e-01
1.419493579021356144e-01
9.648193986568832647e-01
7.481262322315820334e-01
1.302932098853470388e-01
4.328945042932323961e-01
1.298119771306376069e-01
3.521849375346730593e-01
5.487166605492641569e-01
5.487166605492641569e-01
5.487166605492641569e-01
5.487166605492641569e-01
4.313357154733561960e-01
6.554105601938264858e-01
7.700989494559526971e-01
3.238732186422121906e-01
3.257688834139806366e-01
7.362459680250009741e-01
4.063887639149728059e-01
7.446754956803031122e-01
7.362672328477206651e-01
2.375667688675674460e-01
1.655728128338497251e-01
1.014914483631067094e-01
5.310214308314513687e-01
5.329358521439798990e-02
3.647479796773673288e-01
8.104321830545357930e-01
6.377035967206211575e-01
6.377035967206211575e-01
6.377035967206211575e-01
6.377035967206211575e-01
6.377035967206211575e-01
6.377035967206211575e-01
6.377035967206211575e-01
6.377035967206211575e-01
6.377035967206211575e-01
6.377035967206211575e-01
4.234641475967552693e-01
2.402450030994460750e-01
2.161822754147145753e-01
9.286192690938499528e-01
6.691126223402001916e-01
6.775756107516993643e-01
5.038501606369329977e-01
4.533113264434908418e-02
2.759175386522869089e-01
2.790377139584898636e-01
1.234458664070638007e-01
6.919241819143521210e-01
5.997679907336108673e-01
7.481262322315820334e-01
4.861926452280049965e-02
6.601335013995426881e-02
1.299913328981747440e-01
1.074622562004134002e-01
6.554105601938264858e-01
5.310214308314513687e-01
5.487166605492641569e-01
5.487166605492641569e-01
5.487166605492641569e-01
5.487166605492641569e-01
5.487166605492641569e-01
7.298372785181864719e-01
1.684879315163776703e-01
5.607514560751385435e-01
6.554105601938264858e-01
6.554105601938264858e-01
6.554105601938264858e-01
4.533113264434908418e-02
4.313357154733561960e-01
5.487166605492641569e-01
5.487166605492641569e-01
5.487166605492641569e-01
5.487166605492641569e-01
4.313357154733561960e-01
5.487166605492641569e-01
4.313357154733561960e-01
4.089888286683440177e-01
1.755772778483779273e-01
5.056158758217021987e-01
4.696395526406624971e-02
9.880115557635317236e-01
3.568861346102254056e-02
2.071684469407553408e-01
3.860984150350555422e-01
8.917646697029515401e-01
8.926643112393229940e-01
1.434757038895118075e-01
1.513229827745381784e-01
3.946378221097697758e-01
1.168808606950388906e-01
6.530875773178657084e-02
7.035447074243780796e-02
1.954387300583028397e-01
7.980890599269497843e-01
1.481396937490309096e-01
7.015646181198470499e-01
9.797516887331021440e-01
7.444942338922685421e-01
9.797516887331021440e-01
7.444942338922685421e-01
7.444942338922685421e-01
8.194684179448551431e-01
6.758517077910290993e-01
9.043939191846382952e-01
7.444942338922685421e-01
7.444942338922685421e-01
6.869363348942727487e-01
4.428067736926494802e-01
7.129862686821184514e-01
4.428067736926494802e-01
9.078041613601808280e-01
7.129862686821184514e-01
7.129862686821184514e-01
7.129862686821184514e-01
2.200952677887999809e-01
8.947552502161024712e-01
2.200952677887999809e-01
8.947552502161024712e-01
8.947552502161024712e-01
2.200952677887999809e-01
6.236067558437733416e-01
8.947552502161024712e-01
8.947552502161024712e-01
3.198403041211280717e-01
5.176361266801241534e-01
1.120213583252915868e-01
4.163013823248838396e-01
5.282778063384815370e-01
5.282778063384815370e-01
5.282778063384815370e-01
5.282778063384815370e-01
5.282778063384815370e-01
5.282778063384815370e-01
5.282778063384815370e-01
5.282778063384815370e-01
5.282778063384815370e-01
5.282778063384815370e-01
5.282778063384815370e-01
5.282778063384815370e-01
5.282778063384815370e-01
5.282778063384815370e-01
5.658053789777203191e-01
5.658053789777203191e-01
5.658053789777203191e-01
5.658053789777203191e-01
5.658053789777203191e-01
5.658053789777203191e-01
5.658053789777203191e-01
5.658053789777203191e-01
5.658053789777203191e-01
5.658053789777203191e-01
5.658053789777203191e-01
5.658053789777203191e-01
5.658053789777203191e-01
5.735453709942757161e-01
5.735453709942757161e-01
5.735453709942757161e-01
9.161340642970551285e-01
9.161340642970551285e-01
9.161340642970551285e-01
9.161340642970551285e-01
8.628174104682464485e-01
9.161340642970551285e-01
8.011957791117292338e-01
5.154657745202768648e-01
9.161340642970551285e-01
9.161340642970551285e-01
9.161340642970551285e-01
8.628174104682464485e-01
9.161340642970551285e-01
8.011957791117292338e-01
5.154657745202768648e-01
9.161340642970551285e-01
8.628174104682464485e-01
9.161340642970551285e-01
8.011957791117292338e-01
5.154657745202768648e-01
9.161340642970551285e-01
9.161340642970551285e-01
9.161340642970551285e-01
5.154657745202768648e-01
8.011957791117292338e-01
5.154657745202768648e-01
5.154657745202768648e-01
9.161340642970551285e-01
8.011957791117292338e-01
5.154657745202768648e-01
5.154657745202768648e-01
4.555608775272608491e-02
8.011957791117292338e-01
5.154657745202768648e-01
8.011957791117292338e-01
5.154657745202768648e-01
7.192097485661511080e-02
2.228796790172656861e-01
6.733111105871562863e-02
1.788859163433173249e-01
8.628174104682464485e-01
1.982296260190964943e-01
3.797807661874292862e-01
8.011957791117292338e-01
7.081259766887740836e-01
7.081259766887740836e-01
5.154657745202768648e-01
8.527512950382114543e-01
5.154657745202768648e-01
5.154657745202768648e-01
8.011957791117292338e-01
5.154657745202768648e-01
7.081259766887740836e-01
5.154657745202768648e-01
7.081259766887740836e-01
8.011957791117292338e-01
7.081259766887740836e-01
8.527512950382114543e-01
5.154657745202768648e-01
5.154657745202768648e-01
8.011957791117292338e-01
5.911146215545757254e-01
5.154657745202768648e-01
7.081259766887740836e-01
7.081259766887740836e-01
5.300009505067810878e-01
7.081259766887740836e-01
5.154657745202768648e-01
5.911146215545757254e-01
5.911146215545757254e-01
7.081259766887740836e-01
8.011957791117292338e-01
6.461006139956159133e-01
8.527512950382114543e-01
8.011957791117292338e-01
5.300009505067810878e-01
6.357217937834510613e-01
7.081259766887740836e-01
7.471109234626137630e-01
7.471109234626137630e-01
7.530296797690237964e-01
5.154657745202768648e-01
5.300009505067810878e-01
5.154657745202768648e-01
5.154657745202768648e-01
7.081259766887740836e-01
5.154657745202768648e-01
5.154657745202768648e-01
5.300009505067810878e-01
7.081259766887740836e-01
5.154657745202768648e-01
4.072323341945342512e-01
5.154657745202768648e-01
5.154657745202768648e-01
5.300009505067810878e-01
7.081259766887740836e-01
5.154657745202768648e-01
5.154657745202768648e-01
9.161340642970551285e-01
5.154657745202768648e-01
8.628174104682464485e-01
5.154657745202768648e-01
8.628174104682464485e-01
5.154657745202768648e-01
7.081259766887740836e-01
5.154657745202768648e-01
5.154657745202768648e-01
7.151631956097245224e-01
7.151631956097245224e-01
7.151631956097245224e-01
5.300009505067810878e-01
5.378578791610010290e-01
5.378578791610010290e-01
5.378578791610010290e-01
5.558403854714372150e-01
5.558403854714372150e-01
5.558403854714372150e-01
9.535111431003672200e-01
7.151631956097245224e-01
7.151631956097245224e-01
4.341613286814592909e-01
8.374845490404033699e-01
7.081259766887740836e-01
7.081259766887740836e-01
7.081259766887740836e-01
7.081259766887740836e-01
7.146086179452576514e-01
7.146086179452576514e-01
7.146086179452576514e-01
7.146086179452576514e-01
8.011957791117292338e-01
8.011957791117292338e-01
8.011957791117292338e-01
8.011957791117292338e-01
8.011957791117292338e-01
8.507969226931041407e-01
8.507969226931041407e-01
8.507969226931041407e-01
8.507969226931041407e-01
5.154657745202768648e-01
5.154657745202768648e-01
5.154657745202768648e-01
5.154657745202768648e-01
5.476711185722300534e-01
5.476711185722300534e-01
5.476711185722300534e-01
5.476711185722300534e-01
5.476711185722300534e-01
6.461006139956159133e-01
6.461006139956159133e-01
6.532863571982452378e-01
6.532863571982452378e-01
6.532863571982452378e-01
6.532863571982452378e-01
6.532863571982452378e-01
6.532863571982452378e-01
7.771411023406503693e-01
8.068146973526078014e-01
3.647333111008526640e-01
1.527904804273214068e-01
1.589008444955926358e-01
1.921992417855880042e-01
7.475186660666807148e-01
7.290587385200916204e-01
6.732941633183772145e-01
8.527512950382114543e-01
8.527512950382114543e-01
2.096078216284427143e-01
8.505624235314683812e-01
4.811303763605914718e-01
6.105994266963212791e-01
3.237541573418297181e-01
3.620214832087621515e-01
8.097796783595518910e-01
9.590669874090466118e-01
3.333731318119289438e-02
1.652366139592906236e-01
4.095755423160191144e-01
7.359596853417520457e-01
6.302456700643506160e-01
1.733114191122742398e-01
2.476361777381703155e-01
2.358917237186724525e-01
1.050332210569649705e-01
7.819810207889994480e-01
8.122483381870870822e-01
2.801020753309957367e-01
1.569668300457123522e-01
1.437359725082049677e-01
2.244532547004793599e-01
2.072810864272886244e-01
9.308195301239430286e-01
9.308195301239430286e-01
9.253914408427841298e-01
9.312272332524410556e-01
9.308195301239430286e-01
9.253914408427841298e-01
8.676586974921336459e-01
9.312272332524410556e-01
9.253914408427841298e-01
8.676586974921336459e-01
8.676586974921336459e-01
9.312272332524410556e-01
9.312272332524410556e-01
8.676586974921336459e-01
8.676586974921336459e-01
8.676586974921336459e-01
8.676586974921336459e-01
8.676586974921336459e-01
8.676586974921336459e-01
8.676586974921336459e-01
8.676586974921336459e-01
8.676586974921336459e-01
8.676586974921336459e-01
8.676586974921336459e-01
8.676586974921336459e-01
8.676586974921336459e-01
8.676586974921336459e-01
8.676586974921336459e-01
8.676586974921336459e-01
8.676586974921336459e-01
8.676586974921336459e-01
8.676586974921336459e-01
9.312272332524410556e-01
9.253914408427841298e-01
9.312272332524410556e-01
8.832797504217414497e-01
9.253914408427841298e-01
8.832797504217414497e-01
9.253914408427841298e-01
8.832797504217414497e-01
8.676586974921336459e-01
8.832797504217414497e-01
8.676586974921336459e-01
8.832797504217414497e-01
9.253914408427841298e-01
8.676586974921336459e-01
9.253914408427841298e-01
9.312272332524410556e-01
9.253914408427841298e-01
8.832797504217414497e-01
8.832797504217414497e-01
8.832797504217414497e-01
7.960422223574523670e-01
8.832797504217414497e-01
9.253914408427841298e-01
9.253914408427841298e-01
8.832797504217414497e-01
8.832797504217414497e-01
8.832797504217414497e-01
8.832797504217414497e-01
8.832797504217414497e-01
9.253914408427841298e-01
9.135831864055500295e-01
9.135831864055500295e-01
9.135831864055500295e-01
4.878227806204620265e-01
9.135831864055500295e-01
9.135831864055500295e-01
9.135831864055500295e-01
9.135831864055500295e-01
9.135831864055500295e-01
9.135831864055500295e-01
9.135831864055500295e-01
4.878227806204620265e-01
9.135831864055500295e-01
9.135831864055500295e-01
9.253914408427841298e-01
4.878227806204620265e-01
9.135831864055500295e-01
7.931145234801603716e-02
6.265174882806501255e-01
6.265174882806501255e-01
6.265174882806501255e-01
6.265174882806501255e-01
6.265174882806501255e-01
6.265174882806501255e-01
6.265174882806501255e-01
6.265174882806501255e-01
7.658120546330591250e-01
8.425268506369475441e-01
4.837020486588370360e-01
4.662831609831609714e-01
3.730589867197182663e-01
8.392976336188039399e-01
8.245840073558493577e-01
8.649810006120119965e-01
8.838417981116899469e-01
9.308195301239430286e-01
6.236067558437733416e-01
6.236067558437733416e-01
6.236067558437733416e-01
6.236067558437733416e-01
6.236067558437733416e-01
6.236067558437733416e-01
7.569671606842002243e-01
6.236067558437733416e-01
6.236067558437733416e-01
2.200952677887999809e-01
6.236067558437733416e-01
6.236067558437733416e-01
2.200952677887999809e-01
6.236067558437733416e-01
6.236067558437733416e-01
6.236067558437733416e-01
7.569671606842002243e-01
6.236067558437733416e-01
7.569671606842002243e-01
6.236067558437733416e-01
6.553781344951256638e-02
1.534297100858939000e-01
8.897012342849088817e-01
1.968477097505756390e-01
2.200952677887999809e-01
2.200952677887999809e-01
2.200952677887999809e-01
2.200952677887999809e-01
2.200952677887999809e-01
2.200952677887999809e-01
2.200952677887999809e-01
2.200952677887999809e-01
2.200952677887999809e-01
2.200952677887999809e-01
2.200952677887999809e-01
2.200952677887999809e-01
6.475672962592560200e-02
2.700529531952621798e-01
6.236067558437733416e-01
6.236067558437733416e-01
6.236067558437733416e-01
6.236067558437733416e-01
6.236067558437733416e-01
6.236067558437733416e-01
6.236067558437733416e-01
6.236067558437733416e-01
6.236067558437733416e-01
6.236067558437733416e-01
6.236067558437733416e-01
6.236067558437733416e-01
6.236067558437733416e-01
6.236067558437733416e-01
6.236067558437733416e-01
6.236067558437733416e-01
6.236067558437733416e-01
6.236067558437733416e-01
6.236067558437733416e-01
6.236067558437733416e-01
6.236067558437733416e-01
6.236067558437733416e-01
6.236067558437733416e-01
6.236067558437733416e-01
6.236067558437733416e-01
9.308195301239430286e-01
9.308195301239430286e-01
8.931234968122475637e-01
7.569671606842002243e-01
7.569671606842002243e-01
7.569671606842002243e-01
8.910503681862445013e-01
1.088666612029533937e-01
2.126183753470592963e-01
4.072323341945342512e-01
7.370853346162638264e-02
8.605841807469056803e-01
7.107644263358116055e-01
3.466478358089332135e-01
6.847192370065859068e-02
7.609920579043183420e-01
1.851160833241557724e-01
8.531010275930671627e-01
2.160512359237252433e-01
6.222629885127302363e-02
5.137602133501736335e-01
5.308642459738551617e-02
8.759668826718771673e-01
9.865227749059181372e-02
2.219310932183374621e-02
3.944307138559299819e-02
1.620923171467286705e-01
7.077633010716873063e-02
2.096078216284427143e-01
1.082756421850281925e-01
6.222629885127302363e-02
2.476361777381703155e-01
5.090873110850948624e-01
2.251922015586790560e-01
7.944498395404885338e-01
8.580643366241139658e-01
1.428326276304207609e-01
5.842186654608547691e-01
9.291909913758396034e-01
9.291909913758396034e-01
9.622112455868323533e-01
9.291909913758396034e-01
8.652941668427850397e-01
7.564735895987431125e-01
8.652941668427850397e-01
8.652941668427850397e-01
9.060675261848328832e-01
2.096730518288818512e-01
8.406145458873196530e-01
9.006313155728775666e-01
8.999901719956918678e-01
9.006313155728775666e-01
9.532582319643845281e-01
9.006313155728775666e-01
9.459923250113241311e-01
5.887623624066034012e-01
9.115667731149070807e-01
8.652941668427850397e-01
8.152904017852151686e-01
9.006313155728775666e-01
9.532582319643845281e-01
9.532582319643845281e-01
9.532582319643845281e-01
9.006313155728775666e-01
2.831852177458892839e-01
9.291909913758396034e-01
9.532582319643845281e-01
6.482842836594020497e-01
6.482842836594020497e-01
1.230589062740493483e-01
9.582806532699458257e-01
7.180645522143763726e-01
9.262493001841792806e-01
9.287955166611115976e-01
9.441347040671866919e-01
9.441347040671866919e-01
9.287955166611115976e-01
9.441347040671866919e-01
9.441347040671866919e-01
9.441347040671866919e-01
9.287955166611115976e-01
1.718728361982421737e-01
9.287955166611115976e-01
6.299706520089272122e-01
8.265243803020371205e-01
8.094111437847234525e-01
4.164697737669749711e-01
1.488992402842575224e-01
6.482842836594020497e-01
9.006313155728775666e-01
8.089633642039341099e-01
8.265243803020371205e-01
2.330421528002447618e-01
2.342766334392741567e-01
2.624939558299912434e-01
6.679391742526928633e-02
1.647755731577856819e-01
9.603519275670566735e-01
8.683903506840549014e-01
9.256434148470277234e-01
8.684589660049455428e-01
4.540960713917643332e-01
8.251533948466033275e-01
2.352763544077321189e-01
7.942685565754298294e-01
5.249701750351656315e-01
2.438606442110344830e-01
1.874791874626162702e-01
7.014881288756742439e-01
8.999901719956918678e-01
7.564735895987431125e-01
5.131507514383238933e-01
7.189797294156416996e-01
7.641140715127393568e-01
8.476256335367465811e-01
6.775818303728611269e-01
4.629804735379082214e-01
4.812674620694755712e-01
6.424943566779984794e-01
3.397312786823536435e-01
6.134788792913004052e-01
1.524111439661536560e-01
1.990652489228036115e-01
3.247376106354428749e-01
8.712263296431287385e-01
9.532582319643845281e-01
5.313789112880422660e-01
5.989806023136055035e-01
2.069840246569085718e-01
1.601543643450666909e-01
6.591043337951287828e-01
3.965537311424479627e-01
4.979746874473455209e-01
4.979746874473455209e-01
7.759210131333292848e-01
4.979746874473455209e-01
4.979746874473455209e-01
9.307389529212479751e-01
4.979746874473455209e-01
4.979746874473455209e-01
4.979746874473455209e-01
4.979746874473455209e-01
4.979746874473455209e-01
4.979746874473455209e-01
9.307389529212479751e-01
9.467207953663093756e-01
9.307389529212479751e-01
8.013966787193925745e-01
9.307389529212479751e-01
6.346665488233823593e-01
1.732816571135980255e-01
8.302146532285343827e-01
8.302146532285343827e-01
7.782932709074027455e-01
2.366451276339286702e-01
3.121659078430890077e-01
6.590712173057079737e-02
9.410075914667818120e-01
9.410075914667818120e-01
7.782932709074027455e-01
9.410075914667818120e-01
9.872517837141854269e-01
9.410075914667818120e-01
9.410075914667818120e-01
5.260086887729874539e-01
9.410075914667818120e-01
9.622112455868323533e-01
9.622112455868323533e-01
9.622112455868323533e-01
9.622112455868323533e-01
9.622112455868323533e-01
9.622112455868323533e-01
9.622112455868323533e-01
9.622112455868323533e-01
9.622112455868323533e-01
9.622112455868323533e-01
9.622112455868323533e-01
9.622112455868323533e-01
9.622112455868323533e-01
1.851644254850189075e-01
9.622112455868323533e-01
9.622112455868323533e-01
9.622112455868323533e-01
9.622112455868323533e-01
9.622112455868323533e-01
9.622112455868323533e-01
9.622112455868323533e-01
9.622112455868323533e-01
9.622112455868323533e-01
9.622112455868323533e-01
9.622112455868323533e-01
9.622112455868323533e-01
9.622112455868323533e-01
2.786732677459420882e-01
1.848632856190323415e-01
9.196135920681370868e-01
9.196135920681370868e-01
9.196135920681370868e-01
9.196135920681370868e-01
9.196135920681370868e-01
6.175487925072185025e-01
6.443799655891906397e-01
8.133551588505233410e-01
2.971396426484578246e-01
4.420167815206648698e-01
9.196135920681370868e-01
8.001652653767564738e-01
6.841672435180979894e-01
5.358954308576777820e-02
2.002039717546850728e-01
1.728463152947833648e-01
8.687136323205414679e-02
1.035724395426120548e-01
9.410075914667818120e-01
9.411789482179403477e-01
9.411789482179403477e-01
9.433132701790200580e-02
9.411789482179403477e-01
9.411789482179403477e-01
9.410075914667818120e-01
7.218193142282405272e-01
9.279916108878700776e-01
3.141621707909110772e-01
2.916651149682335936e-02
5.484862988637118075e-02
1.280539142908366790e-01
8.636846455774085940e-02
4.320138946499553212e-01
4.061010480328812733e-01
5.259884406731646367e-01
8.954395369759873269e-01
9.068579321490811695e-01
9.068579321490811695e-01
9.068579321490811695e-01
9.258618454081735116e-01
9.068579321490811695e-01
9.068579321490811695e-01
7.703426715232057909e-01
7.185591527660150080e-01
3.637354159651827179e-01
2.177091306316560615e-01
8.355025294018924020e-01
6.253358816647734963e-01
2.976848393067655918e-01
1.154026646249947108e-01
1.405263283836648835e-01
6.087831014497775001e-02
6.288935808868438837e-01
7.591060153553128576e-01
2.399553816833245590e-01
3.163929953810919460e-01
3.257625589620707363e-01
9.222448842690551818e-02
1.514313469117093379e-02
1.240260388522153312e-01
7.323244115542956734e-02
1.891166248447931075e-01
4.215903338307951942e-01
4.777359165609839087e-01
3.323929593121464077e-01
7.016745220611686484e-01
9.590328275750027442e-01
9.590328275750027442e-01
9.590328275750027442e-01
1.012430312313164354e-01
2.943165880153598701e-01
3.625351235592157995e-01
4.007385951384583866e-01
3.262386541552154129e-01
2.642039381578182300e-01
9.590328275750027442e-01
9.590328275750027442e-01
9.590328275750027442e-01
7.016745220611686484e-01
9.590328275750027442e-01
9.590328275750027442e-01
2.705918561972663755e-02
9.590328275750027442e-01
9.590328275750027442e-01
9.590328275750027442e-01
9.590328275750027442e-01
9.590328275750027442e-01
9.590328275750027442e-01
8.643373591006492385e-01
8.643373591006492385e-01
8.314355552107989544e-02
9.300478542423692430e-01
9.590328275750027442e-01
8.643373591006492385e-01
9.300478542423692430e-01
8.314355552107989544e-02
6.708412216578274467e-01
8.643373591006492385e-01
7.223479450488210496e-01
7.223479450488210496e-01
7.223479450488210496e-01
7.223479450488210496e-01
7.223479450488210496e-01
7.223479450488210496e-01
7.223479450488210496e-01
7.223479450488210496e-01
7.223479450488210496e-01
7.223479450488210496e-01
7.223479450488210496e-01
7.223479450488210496e-01
7.223479450488210496e-01
7.205236537027809307e-01
7.016745220611686484e-01
7.016745220611686484e-01
7.016745220611686484e-01
7.016745220611686484e-01
7.016745220611686484e-01
7.016745220611686484e-01
7.186450633197594140e-01
7.016745220611686484e-01
7.016745220611686484e-01
7.016745220611686484e-01
7.016745220611686484e-01
7.016745220611686484e-01
7.016745220611686484e-01
7.016745220611686484e-01
7.016745220611686484e-01
7.016745220611686484e-01
7.016745220611686484e-01
7.010270806905554153e-01
8.643373591006492385e-01
9.590328275750027442e-01
6.708412216578274467e-01
9.590328275750027442e-01
6.708412216578274467e-01
6.708412216578274467e-01
9.590328275750027442e-01
6.708412216578274467e-01
6.708412216578274467e-01
9.590328275750027442e-01
6.708412216578274467e-01
9.300478542423692430e-01
9.590328275750027442e-01
9.300478542423692430e-01
9.300478542423692430e-01
9.590328275750027442e-01
9.590328275750027442e-01
9.300478542423692430e-01
9.590328275750027442e-01
9.590328275750027442e-01
9.590328275750027442e-01
9.590328275750027442e-01
9.590328275750027442e-01
9.590328275750027442e-01
9.590328275750027442e-01
4.114382954983381718e-02
4.114382954983381718e-02
4.157677377590790480e-02
9.300478542423692430e-01
9.590328275750027442e-01
9.300478542423692430e-01
8.643373591006492385e-01
8.643373591006492385e-01
8.643373591006492385e-01
8.643373591006492385e-01
8.643373591006492385e-01
8.643373591006492385e-01
8.643373591006492385e-01
8.643373591006492385e-01
8.643373591006492385e-01
8.643373591006492385e-01
8.643373591006492385e-01
8.643373591006492385e-01
8.643373591006492385e-01
8.581547765291545060e-01
2.116455338367881356e-01
9.300478542423692430e-01
9.300478542423692430e-01
9.300478542423692430e-01
9.300478542423692430e-01
9.300478542423692430e-01
9.300478542423692430e-01
1.877456588327915954e-01
2.825581851010707801e-01
2.201364212991356040e-01
9.590328275750027442e-01
9.590328275750027442e-01
9.590328275750027442e-01
9.590328275750027442e-01
9.300478542423692430e-01
9.300478542423692430e-01
9.300478542423692430e-01
9.298464875658007944e-01
9.590328275750027442e-01
9.590328275750027442e-01
9.590328275750027442e-01
9.590328275750027442e-01
2.607089508918163934e-01
9.590328275750027442e-01
9.590328275750027442e-01
9.590328275750027442e-01
9.590328275750027442e-01
9.590328275750027442e-01
9.590328275750027442e-01
9.590328275750027442e-01
9.590328275750027442e-01
9.590328275750027442e-01
9.590328275750027442e-01
9.590328275750027442e-01
9.590328275750027442e-01
2.799681905521741315e-02
2.829550364266578480e-02
9.590328275750027442e-01
9.590328275750027442e-01
9.590328275750027442e-01
3.235953339611662427e-01
9.590328275750027442e-01
3.235953339611662427e-01
3.235953339611662427e-01
3.235953339611662427e-01
3.235953339611662427e-01
8.314355552107989544e-02
8.314355552107989544e-02
8.314355552107989544e-02
8.314355552107989544e-02
8.314355552107989544e-02
8.397974284698471459e-02
8.284015473250871953e-01
6.701583200077061431e-01
2.714191748461424747e-01
9.578973906734282728e-01
1.555528683228067921e-01
9.346603329040105157e-01
5.366113256162463596e-01
5.608838404307171094e-02
2.713460666462375048e-02
8.997245881046282978e-01
7.841113977747503627e-01
1.947369905587856553e-01
6.479057158480322487e-02
2.318905088916996260e-01
4.100793020311286896e-01
2.987463605576891612e-01
3.784770271506851524e-01
2.527896837341929159e-01
3.035158187506152849e-01
3.035158187506152849e-01
3.035158187506152849e-01
5.675917112163540723e-02
1.234291314876796303e-01
8.737321727023167339e-02
1.251441121050731464e-01
9.622112455868323533e-01
9.622112455868323533e-01
9.622112455868323533e-01
9.622112455868323533e-01
1.851644254850189075e-01
1.220313817982952159e-01
8.541070430417606330e-02
9.838603593965405958e-03
2.091263997612032369e-02
2.422728928205328432e-03
1.533506015248396574e-02
2.178350522868271674e-02
2.704264696689274647e-02
1.154308550413469213e-02
5.217823997426544909e-03
1.895812933643374609e-02
1.296426728734562800e-02
2.222221185775657276e-02
1.260951026327268056e-02
9.622112455868323533e-01
9.622112455868323533e-01
9.622112455868323533e-01
9.622112455868323533e-01
1.258272536145178810e-01
9.622112455868323533e-01
9.622112455868323533e-01
9.622112455868323533e-01
9.622112455868323533e-01
9.622112455868323533e-01
9.622112455868323533e-01
9.622112455868323533e-01
8.066145089212239938e-01
8.066145089212239938e-01
3.012629772553136742e-02
5.195714175622218739e-02
3.836194623219416761e-02
4.877754086792036176e-02
2.641586104747705929e-02
8.066145089212239938e-01
8.066145089212239938e-01
8.066145089212239938e-01
7.916698769337864316e-01
7.916698769337864316e-01
7.916698769337864316e-01
6.529229880934579733e-02
1.036430707698532405e-01
8.975276762376764583e-02
1.554236500518062780e-01
7.201112977770932067e-02
1.075541832517708067e-02
9.622112455868323533e-01
9.622112455868323533e-01
9.622112455868323533e-01
9.622112455868323533e-01
9.622112455868323533e-01
9.622112455868323533e-01
9.622112455868323533e-01
8.066145089212239938e-01
8.066145089212239938e-01
1.160972989000368279e-02
1.038092822122664918e-02
9.498909264683517983e-03
6.085624650366229238e-01
3.339838428073618193e-01
8.066145089212239938e-01
8.066145089212239938e-01
4.049063370565320757e-02
3.249636220125118324e-02
5.300288893664381606e-02
6.181327604484388588e-02
4.501470272312325244e-02
9.622112455868323533e-01
9.622112455868323533e-01
9.622112455868323533e-01
8.136327203965133537e-01
2.021603758048953758e-01
2.513845982069303764e-01
1.490086793959603806e-01
9.911837238624630897e-02
5.698445001094232243e-02
8.388118184689929979e-02
4.454252019396087031e-02
2.245245414347671331e-02
6.254074166110464850e-01
5.926531300080099818e-02
1.869301897412575797e-02
1.370583600877819663e-01
1.841115506418971107e-02
5.039575168468961586e-01
8.949453581686076520e-01
9.622112455868323533e-01
9.622112455868323533e-01
9.622112455868323533e-01
9.622112455868323533e-01
9.622112455868323533e-01
9.622112455868323533e-01
9.622112455868323533e-01
8.066145089212239938e-01
8.066145089212239938e-01
8.066145089212239938e-01
8.066145089212239938e-01
5.076030674469483861e-01
5.795291893426715024e-01
1.405368973400092647e-01
5.345978637069346284e-01
1.161931346239323398e-01
8.574692897802206337e-01
6.646203432780177778e-01
9.084171754514404062e-01
8.302146532285343827e-01
8.302146532285343827e-01
9.622112455868323533e-01
9.622112455868323533e-01
9.622112455868323533e-01
9.622112455868323533e-01
9.622112455868323533e-01
9.622112455868323533e-01
8.302146532285343827e-01
9.622112455868323533e-01
9.622112455868323533e-01
9.622112455868323533e-01
9.622112455868323533e-01
9.622112455868323533e-01
9.622112455868323533e-01
9.622112455868323533e-01
9.622112455868323533e-01
8.302146532285343827e-01
9.622112455868323533e-01
9.622112455868323533e-01
9.622112455868323533e-01
9.622112455868323533e-01
9.622112455868323533e-01
9.622112455868323533e-01
9.622112455868323533e-01
9.622112455868323533e-01
9.622112455868323533e-01
9.622112455868323533e-01
9.622112455868323533e-01
1.347753874561076481e-01
6.274993192672457809e-01
7.889806239128154264e-01
6.274993192672457809e-01
6.172419123304836441e-01
7.572340863601398908e-01
7.572340863601398908e-01
7.572340863601398908e-01
7.572340863601398908e-01
7.572340863601398908e-01
1.154026646249947108e-01
6.576813646965673499e-02
5.243165774431511605e-02
7.093044407644604199e-01
3.861867456556334899e-01
6.306356767788152962e-02
3.580317095146594020e-01
7.897200625978780808e-01
2.714219818553572638e-01
9.141428518642625428e-03
1.284737101335579022e-02
5.351497247280765368e-01
2.505511543196768942e-01
3.332616760339712769e-02
2.437962292030634165e-02
7.606119011313322575e-02
1.096421979758710613e-01
2.255595976588966461e-02
5.541652929924107962e-01
8.940716117505208560e-01
6.877399173390323639e-02
3.741738101159726715e-01
7.192112400409474970e-01
3.164356183611320011e-02
2.028302833678341521e-02
6.140410704759059479e-01
7.131705278122255076e-02
3.417555194683631614e-02
1.367626277696405435e-01
1.198445756146828828e-01
2.545457742418405500e-01
5.325532701215401898e-01
9.222448842690551818e-02
4.184657401727372994e-01
8.562039399684232555e-01
8.562039399684232555e-01
8.562039399684232555e-01
4.395753522758286125e-01
7.323244115542956734e-02
6.759118597556417196e-01
3.323929593121464077e-01
7.233098500707605405e-01
7.838807919890229403e-01
7.169887238989808287e-01
7.594357807658526083e-01
2.262188280530939843e-01
7.117015772638392301e-02
1.265451415139236604e-02
8.089115723113210477e-02
1.041860709166345968e-02
2.236511061172548678e-02
9.059460241489290799e-02
2.215266754900297591e-02
8.729539769396281457e-02
1.212743705728832055e-01
4.758394448755325912e-01
9.589386953474386688e-02
1.758306772639744650e-02
3.643369099581707515e-01
3.643369099581707515e-01
3.643369099581707515e-01
3.643369099581707515e-01
9.273937878287566994e-01
3.643369099581707515e-01
3.643369099581707515e-01
9.273937878287566994e-01
8.928158432314159398e-01
8.928158432314159398e-01
8.928158432314159398e-01
8.928158432314159398e-01
8.928158432314159398e-01
8.928158432314159398e-01
8.928158432314159398e-01
8.928158432314159398e-01
8.928158432314159398e-01
8.928158432314159398e-01
8.928158432314159398e-01
8.928158432314159398e-01
8.416568527188986737e-01
7.920177936235526239e-01
6.327736045434902978e-01
9.199271131888804576e-02
1.802945507469108644e-01
9.273937878287566994e-01
9.273937878287566994e-01
9.273937878287566994e-01
9.188529714752374788e-02
3.643369099581707515e-01
3.643369099581707515e-01
3.643369099581707515e-01
3.643369099581707515e-01
1.648509953528397021e-01
3.232449701497632638e-02
9.789358792768936279e-01
9.789358792768936279e-01
9.789358792768936279e-01
9.789358792768936279e-01
9.789358792768936279e-01
7.169987880673216463e-01
1.299090087182532549e-01
9.259201368827929546e-01
9.118657504456200158e-01
5.365439628925021687e-01
4.213431450961191427e-01
7.782648631561966956e-02
8.069696055675994462e-01
4.996023076942920221e-02
9.693292076041311045e-01
6.931002137932147367e-01
1.772611482844749786e-01
9.537285860015832784e-01
7.310818710585967883e-01
8.385964993478660645e-01
2.040417010100226136e-01
8.367479337493194391e-01
1.960559536813900328e-01
6.120547148437056190e-02
2.917919503302411968e-02
5.293342209616969107e-01
1.437221885546476619e-01
1.051238704799205698e-01
6.733283027136854892e-01
5.282742696944070504e-02
8.368442985754559471e-02
9.459923250113241311e-01
9.459923250113241311e-01
9.459923250113241311e-01
9.459923250113241311e-01
9.459923250113241311e-01
9.459923250113241311e-01
9.459923250113241311e-01
9.459923250113241311e-01
3.313144203649701636e-01
1.090925928634361164e-01
1.555401094834207854e-01
1.555401094834207854e-01
9.720770783700907747e-02
1.555401094834207854e-01
5.723307017558255938e-02
1.555401094834207854e-01
1.555401094834207854e-01
8.493720663295952628e-03
1.555401094834207854e-01
8.727604384889991324e-03
1.555401094834207854e-01
1.081717502103249906e-01
1.555401094834207854e-01
1.555401094834207854e-01
3.435587490101008057e-01
3.601084031952569431e-01
1.422531241825675530e-01
7.980811877261401177e-01
1.555401094834207854e-01
7.194477464778813169e-02
7.264401810099565537e-01
1.555401094834207854e-01
7.587077497148184135e-02
1.555401094834207854e-01
5.723451824434176716e-02
6.143761525427714476e-01
1.555401094834207854e-01
1.555401094834207854e-01
1.603794355017564566e-01
3.032618065248186834e-02
4.815626512759945688e-01
4.815626512759945688e-01
4.815626512759945688e-01
4.815626512759945688e-01
4.815626512759945688e-01
4.815626512759945688e-01
4.815626512759945688e-01
4.815626512759945688e-01
4.815626512759945688e-01
4.815626512759945688e-01
7.887904187798726596e-01
4.815626512759945688e-01
4.815626512759945688e-01
4.815626512759945688e-01
7.887904187798726596e-01
4.815626512759945688e-01
4.815626512759945688e-01
4.815626512759945688e-01
4.815626512759945688e-01
4.815626512759945688e-01
4.815626512759945688e-01
4.815626512759945688e-01
4.815626512759945688e-01
4.815626512759945688e-01
4.815626512759945688e-01
4.815626512759945688e-01
4.815626512759945688e-01
4.815626512759945688e-01
4.815626512759945688e-01
4.815626512759945688e-01
7.186799487034039036e-01
4.815626512759945688e-01
7.186799487034039036e-01
4.815626512759945688e-01
4.815626512759945688e-01
4.815626512759945688e-01
4.815626512759945688e-01
4.815626512759945688e-01
4.815626512759945688e-01
4.815626512759945688e-01
4.815626512759945688e-01
4.815626512759945688e-01
4.815626512759945688e-01
7.293374643767905896e-01
6.606749245204339704e-01
9.540337190121109812e-01
7.887904187798726596e-01
4.815626512759945688e-01
7.293374643767905896e-01
4.815626512759945688e-01
4.815626512759945688e-01
7.293374643767905896e-01
6.606749245204339704e-01
4.815626512759945688e-01
4.815626512759945688e-01
7.293374643767905896e-01
7.293374643767905896e-01
7.293374643767905896e-01
4.815626512759945688e-01
6.032412670132460963e-01
9.602159400367459297e-01
9.602159400367459297e-01
9.602159400367459297e-01
9.602159400367459297e-01
9.602159400367459297e-01
9.602159400367459297e-01
9.602159400367459297e-01
9.602159400367459297e-01
9.602159400367459297e-01
9.602159400367459297e-01
9.602159400367459297e-01
9.602159400367459297e-01
9.602159400367459297e-01
9.602159400367459297e-01
9.602159400367459297e-01
9.602159400367459297e-01
9.602159400367459297e-01
9.602159400367459297e-01
9.602159400367459297e-01
9.602159400367459297e-01
9.602159400367459297e-01
9.602159400367459297e-01
9.602159400367459297e-01
9.602159400367459297e-01
9.602159400367459297e-01
9.602159400367459297e-01
7.564973534126829824e-01
9.043939191846382952e-01
1.534086209767856201e-01
1.534086209767856201e-01
5.066570026539181371e-02
9.043939191846382952e-01
9.043939191846382952e-01
9.043939191846382952e-01
9.043939191846382952e-01
1.534086209767856201e-01
9.043939191846382952e-01
1.534086209767856201e-01
9.043939191846382952e-01
9.043939191846382952e-01
9.043939191846382952e-01
9.043939191846382952e-01
9.043939191846382952e-01
9.043939191846382952e-01
1.534086209767856201e-01
9.851818899234827676e-01
9.508409739606416000e-01
9.043939191846382952e-01
9.043939191846382952e-01
9.043939191846382952e-01
9.987251661697759131e-01
3.628095005463676248e-01
7.526970604887311955e-01
7.526970604887311955e-01
7.526970604887311955e-01
7.526970604887311955e-01
7.526970604887311955e-01
2.495654733823523055e-02
7.586937200537684500e-01
8.651231499974767480e-01
7.526970604887311955e-01
2.495654733823523055e-02
8.057986786870958706e-01
7.526970604887311955e-01
8.733582232265516554e-01
7.586937200537684500e-01
4.646960319592912114e-01
2.172031776149381185e-02
8.999730021352732035e-01
7.526970604887311955e-01
7.526970604887311955e-01
8.521247459954460757e-01
7.526970604887311955e-01
7.526970604887311955e-01
7.526970604887311955e-01
7.526970604887311955e-01
8.481097720445767152e-01
7.234764018736820068e-01
7.680886709943803847e-01
6.170859600789123656e-01
7.526970604887311955e-01
9.851818899234827676e-01
9.508409739606416000e-01
9.851818899234827676e-01
9.508409739606416000e-01
9.851818899234827676e-01
9.508409739606416000e-01
9.851818899234827676e-01
9.508409739606416000e-01
8.854786865100444659e-01
9.851818899234827676e-01
9.508409739606416000e-01
9.851818899234827676e-01
9.508409739606416000e-01
1.478931797849772634e-01
7.600391168713902523e-01
7.907820314015658880e-01
7.360978198472594158e-01
3.709739362590850908e-01
9.187576879280201503e-01
4.910633187892418650e-02
9.358863548720240955e-01
1.904967078045585183e-01
8.985265899311603022e-01
4.013167997784344299e-01
8.985265899311603022e-01
9.286688651374351844e-01
6.783878968325548486e-01
9.286688651374351844e-01
1.573662132135252023e-01
8.374721500769158888e-01
8.464476086544570066e-01
2.008321194949905242e-01
5.678087673102693023e-01
7.474738909081116711e-01
7.207341150202573044e-01
4.938146312295477736e-01
1.274528811929815930e-01
4.981416293839570075e-01
4.268108915423496907e-01
4.517888301208430324e-01
4.449223283772902326e-01
9.851818899234827676e-01
9.508409739606416000e-01
9.851818899234827676e-01
9.508409739606416000e-01
9.851818899234827676e-01
9.508409739606416000e-01
9.187576879280201503e-01
4.592642085674074059e-01
6.634467655988590673e-01
6.761613552732228527e-01
8.603979931221875654e-01
1.342141268120142228e-01
9.043939191846382952e-01
9.043939191846382952e-01
9.043939191846382952e-01
9.015536776156890530e-01
5.793099837766841897e-01
8.415992308187399962e-01
1.537462645839772490e-01
5.186166559815239552e-01
3.555834566964352628e-01
9.661377812189795300e-01
8.868311725492113995e-01
3.241287104909613692e-01
8.981909794846254513e-01
8.999730021352732035e-01
8.981629931540727751e-01
7.526970604887311955e-01
7.526970604887311955e-01
7.526970604887311955e-01
3.562920641519382592e-01
8.981909794846254513e-01
8.999730021352732035e-01
8.981629931540727751e-01
7.526970604887311955e-01
8.981909794846254513e-01
8.999730021352732035e-01
8.981629931540727751e-01
7.526970604887311955e-01
7.526970604887311955e-01
8.981629931540727751e-01
7.526970604887311955e-01
3.562920641519382592e-01
7.526970604887311955e-01
8.999730021352732035e-01
7.526970604887311955e-01
7.586937200537684500e-01
8.999730021352732035e-01
7.526970604887311955e-01
7.526970604887311955e-01
3.562920641519382592e-01
3.562920641519382592e-01
7.822323279582256428e-02
2.521208384943851577e-01
3.562920641519382592e-01
7.586937200537684500e-01
8.999730021352732035e-01
7.526970604887311955e-01
2.031375960028791727e-01
2.178609495097627233e-02
8.999730021352732035e-01
8.954797915780824402e-01
9.414064030902474789e-01
9.414064030902474789e-01
8.954797915780824402e-01
8.954797915780824402e-01
9.414064030902474789e-01
9.414064030902474789e-01
9.414064030902474789e-01
8.954797915780824402e-01
9.414064030902474789e-01
9.414064030902474789e-01
9.414064030902474789e-01
8.954797915780824402e-01
8.914995613901542937e-01
8.914995613901542937e-01
8.914995613901542937e-01
8.914995613901542937e-01
8.914995613901542937e-01
8.914995613901542937e-01
8.914995613901542937e-01
8.914995613901542937e-01
8.914995613901542937e-01
8.914995613901542937e-01
8.914995613901542937e-01
8.914995613901542937e-01
9.396505537600976510e-01
9.396505537600976510e-01
8.198856575823209036e-01
8.198856575823209036e-01
8.198856575823209036e-01
7.232141337820892080e-01
7.586937200537684500e-01
5.236138442451588881e-01
7.586937200537684500e-01
7.586937200537684500e-01
8.611559497867683488e-01
2.203222573767021353e-01
1.029547923340428245e-01
2.625161121916641180e-02
2.157637198876789786e-01
4.777846344511541693e-02
2.157637198876789786e-01
6.138223176868427833e-02
3.866722995464800389e-02
3.866722995464800389e-02
9.327979341858112783e-02
1.468476851622453963e-02
1.468476851622453963e-02
1.468476851622453963e-02
8.546258457587323221e-02
4.948980896132627177e-02
4.948980896132627177e-02
7.234764018736820068e-01
7.589858039161887504e-01
7.589858039161887504e-01
7.589858039161887504e-01
7.589858039161887504e-01
7.589858039161887504e-01
7.589858039161887504e-01
7.589858039161887504e-01
7.589858039161887504e-01
7.589858039161887504e-01
7.589858039161887504e-01
7.589858039161887504e-01
7.589858039161887504e-01
7.589858039161887504e-01
7.589858039161887504e-01
7.589858039161887504e-01
7.589858039161887504e-01
7.589858039161887504e-01
7.589858039161887504e-01
7.589858039161887504e-01
7.589858039161887504e-01
7.589858039161887504e-01
7.589858039161887504e-01
7.589858039161887504e-01
7.589858039161887504e-01
7.589858039161887504e-01
7.589858039161887504e-01
7.589858039161887504e-01
7.589858039161887504e-01
7.589858039161887504e-01
7.589858039161887504e-01
7.589858039161887504e-01
7.589858039161887504e-01
7.589858039161887504e-01
7.589858039161887504e-01
7.589858039161887504e-01
7.589858039161887504e-01
7.589858039161887504e-01
7.589858039161887504e-01
7.589858039161887504e-01
7.589858039161887504e-01
7.589858039161887504e-01
4.585392624855161858e-01
5.186166559815239552e-01
8.714357504806132804e-01
5.186166559815239552e-01
5.186166559815239552e-01
5.186166559815239552e-01
5.186166559815239552e-01
5.186166559815239552e-01
5.186166559815239552e-01
5.186166559815239552e-01
5.186166559815239552e-01
5.186166559815239552e-01
5.186166559815239552e-01
4.838227301367493266e-02
2.728375126662692385e-02
1.146871370337157608e-01
1.361521662594928350e-01
2.625161121916641180e-02
2.625161121916641180e-02
7.048131807100421753e-02
1.146871370337157608e-01
7.822323279582256428e-02
4.838227301367493266e-02
2.521208384943851577e-01
2.178609495097627233e-02
2.178609495097627233e-02
2.178609495097627233e-02
2.178609495097627233e-02
2.178609495097627233e-02
1.224079920583594078e-01
1.224079920583594078e-01
8.605468455247393678e-01
8.605468455247393678e-01
8.605468455247393678e-01
8.605468455247393678e-01
8.605468455247393678e-01
8.601754892962873988e-01
2.178609495097627233e-02
1.591729728894840934e-01
7.586937200537684500e-01
1.591729728894840934e-01
1.591729728894840934e-01
1.591729728894840934e-01
1.591729728894840934e-01
1.591729728894840934e-01
8.332991522394735950e-01
8.332991522394735950e-01
4.514181033168259138e-01
3.314252631815866601e-01
2.178609495097627233e-02
2.178609495097627233e-02
2.178609495097627233e-02
7.091751794528833308e-02
7.091751794528833308e-02
7.091751794528833308e-02
8.485075295851421950e-01
8.485075295851421950e-01
8.485075295851421950e-01
8.485075295851421950e-01
8.485075295851421950e-01
2.178609495097627233e-02
2.178609495097627233e-02
8.490590224934955188e-01
2.178609495097627233e-02
2.178609495097627233e-02
2.178609495097627233e-02
9.085412137393755749e-02
9.085412137393755749e-02
9.085412137393755749e-02
7.784319801453667420e-01
7.784319801453667420e-01
7.784319801453667420e-01
7.784319801453667420e-01
7.778983931241205685e-01
5.526159784397829400e-01
9.424873481518822871e-01
9.424873481518822871e-01
9.424873481518822871e-01
9.423195694191089933e-01
2.178609495097627233e-02
7.099576565437429321e-02
7.099576565437429321e-02
7.099576565437429321e-02
7.099576565437429321e-02
8.671256244949544500e-01
8.671256244949544500e-01
8.671256244949544500e-01
8.671256244949544500e-01
8.671256244949544500e-01
7.586937200537684500e-01
7.234764018736820068e-01
7.586937200537684500e-01
2.606842466737318564e-01
2.606842466737318564e-01
2.606842466737318564e-01
5.362086181488767700e-02
2.606842466737318564e-01
5.362086181488767700e-02
2.606842466737318564e-01
2.178609495097627233e-02
2.178609495097627233e-02
2.606842466737318564e-01
2.178609495097627233e-02
2.178609495097627233e-02
7.577136948982750309e-02
8.292572917876094296e-01
7.586937200537684500e-01
8.562544349707026381e-01
7.586937200537684500e-01
7.586937200537684500e-01
7.586937200537684500e-01
3.555834566964352628e-01
8.583723127007465425e-01
7.526970604887311955e-01
6.461839443243677650e-02
8.236596053461886502e-01
8.236596053461886502e-01
7.526970604887311955e-01
7.526970604887311955e-01
7.526970604887311955e-01
6.163553128509416945e-01
8.975793285828118639e-01
7.526970604887311955e-01
7.526970604887311955e-01
7.526970604887311955e-01
7.526970604887311955e-01
7.526970604887311955e-01
7.526970604887311955e-01
8.083544353712868169e-01
8.083544353712868169e-01
8.083544353712868169e-01
6.461839443243677650e-02
6.461839443243677650e-02
7.593183404947910498e-02
7.526970604887311955e-01
7.526970604887311955e-01
7.526970604887311955e-01
7.181181311061567429e-01
7.526970604887311955e-01
8.978799196689415396e-01
8.499353253578488809e-01
3.362153646541290453e-01
9.533503087020674949e-01
9.100392274206493548e-01
1.641055589370865320e-01
8.722154480035790858e-01
8.722154480035790858e-01
9.018444017860420825e-01
8.733845562073587754e-01
7.306316283347984442e-01
8.722154480035790858e-01
9.245035933675771478e-01
9.727153265028072315e-01
5.647085031493581653e-01
9.800245219401476637e-01
8.801552821650532321e-01
8.801552821650532321e-01
8.938653922700843246e-01
1.330020234663700229e-01
3.228187526973717580e-01
8.518041483255509028e-02
7.805347122793407366e-02
4.978622991076114834e-02
7.320224320604958035e-02
5.435830411999676565e-02
2.896429353507561921e-01
5.068917084186885108e-02
1.645431195052212137e-01
9.272353148038629811e-02
2.561959689020624001e-02
1.794329949520946932e-01
1.437651909904611169e-01
3.708498319388621456e-02
8.878324850135489721e-02
4.978622991076114834e-02
7.320224320604958035e-02
2.896429353507561921e-01
9.517732264015948962e-01
9.517732264015948962e-01
9.517732264015948962e-01
9.517732264015948962e-01
9.517732264015948962e-01
9.517732264015948962e-01
9.517732264015948962e-01
9.517732264015948962e-01
9.517732264015948962e-01
9.517732264015948962e-01
9.517732264015948962e-01
9.517732264015948962e-01
9.517732264015948962e-01
9.517732264015948962e-01
9.517732264015948962e-01
9.517732264015948962e-01
1.185905806541844576e-01
6.953530122482098896e-01
1.645431195052212137e-01
9.062576725790121024e-02
8.828975146420241227e-02
8.828975146420241227e-02
7.323467235856903623e-02
2.627788963127574151e-01
9.101833896689344450e-02
1.558191904081785983e-01
6.794341925657648718e-02
1.534451099633045712e-01
3.174355950881329602e-01
3.189263352056029843e-01
4.257879484146964016e-02
9.296583444828920850e-02
9.500654828035681732e-01
7.515838854825286353e-01
9.500654828035681732e-01
9.500654828035681732e-01
9.500654828035681732e-01
7.887773941149691659e-01
7.338976889473144416e-01
3.330668282506065586e-02
3.069091032030825741e-02
8.736052002676723827e-02
2.235295039140684781e-01
1.901549641768315868e-01
2.315024321981894173e-01
1.719348234124061514e-01
2.909091518510196206e-01
9.749995010004933182e-02
2.059780750131525590e-02
1.433329288276602997e-01
3.006034095787337712e-01
6.072085198603494050e-02
8.477334552614447516e-02
2.500626306952590319e-02
2.100802015856954585e-01
2.574841274917327172e-01
9.727260119615829259e-01
9.797516887331021440e-01
5.378570063084227026e-01
3.468573811700095821e-01
9.022897268349029387e-01
8.957528386613905491e-01
9.627529212487553334e-01
9.627529212487553334e-01
7.134600132553142737e-01
9.877763446539158387e-01
9.877763446539158387e-01
9.877763446539158387e-01
9.744874637301793596e-01
9.877763446539158387e-01
9.744874637301793596e-01
9.413058344433026248e-01
9.377747162790645019e-01
5.789486292907684017e-01
5.789486292907684017e-01
5.789486292907684017e-01
5.789486292907684017e-01
5.789486292907684017e-01
8.100432324399137185e-01
5.789486292907684017e-01
5.789486292907684017e-01
8.100432324399137185e-01
9.244331911587659878e-01
7.969441360263712637e-01
7.687726613973162593e-01
7.849865701014328012e-01
3.938881327766523555e-01
3.938881327766523555e-01
4.248417993511601626e-02
9.158455694561250526e-01
7.385642346042464723e-01
9.105646805989304760e-01
9.105646805989304760e-01
9.105646805989304760e-01
9.105646805989304760e-01
9.105646805989304760e-01
1.366437087890010893e-01
6.528590094426253154e-01
5.316952618843203693e-01
6.521581448380651125e-01
7.464841149834750000e-01
1.111943736720507614e-01
6.677678061040438484e-01
9.058811061718895496e-01
7.358544877333539347e-01
8.907333597936923919e-01
8.891294503424896911e-01
8.959259035800942739e-01
8.959259035800942739e-01
8.959259035800942739e-01
8.959259035800942739e-01
8.891294503424896911e-01
8.891294503424896911e-01
8.891294503424896911e-01
2.489040869720259563e-01
2.456894661064904783e-01
8.907333597936923919e-01
8.907333597936923919e-01
9.515563677060631109e-01
9.369761238723731678e-01
7.497455974926935385e-01
7.385642346042464723e-01
7.385642346042464723e-01
7.385642346042464723e-01
7.385642346042464723e-01
7.592777208482336393e-01
7.206519223541028030e-01
3.547185185519011186e-01
8.907333597936923919e-01
8.907333597936923919e-01
8.907333597936923919e-01
8.907333597936923919e-01
8.907333597936923919e-01
8.907333597936923919e-01
8.907333597936923919e-01
6.086775247241862363e-01
6.776325509832759053e-01
8.890356269668276967e-01
7.756162190903647113e-01
8.066023420855475967e-01
9.240144709586333160e-01
1.138938958727798850e-01
8.094873581135898499e-01
9.696253539046713055e-01
4.781498803369135797e-02
8.696616930414788893e-01
1.047330146146786267e-01
8.374454132216511137e-01
9.248951115771545384e-01
8.886177442438268903e-01
9.624645341646151930e-01
7.963750022084344904e-01
5.141887807560177603e-02
7.683077537101924426e-01
9.164358417087173914e-01
8.848395958410407713e-01
5.906900883062754515e-01
8.100432324399137185e-01
5.686798908329951940e-01
2.779496305849600835e-01
4.058971628925459596e-01
9.448748691657741228e-01
5.643799894927065131e-01
4.123325805574008518e-01
3.470026601570372349e-01
4.991462101260371598e-01
3.393641928065890268e-01
7.852292753312016815e-01
4.993705027709477440e-02
1.104488764964827729e-01
4.993705027709477440e-02
1.104488764964827729e-01
4.993705027709477440e-02
7.687726613973162593e-01
7.687726613973162593e-01
7.687726613973162593e-01
7.687726613973162593e-01
6.491449345878597121e-01
7.687726613973162593e-01
7.687726613973162593e-01
7.687726613973162593e-01
6.491449345878597121e-01
7.555108323591412933e-01
7.555108323591412933e-01
7.687726613973162593e-01
7.687726613973162593e-01
7.687726613973162593e-01
7.687726613973162593e-01
7.687726613973162593e-01
6.491449345878597121e-01
7.687726613973162593e-01
7.687726613973162593e-01
7.687726613973162593e-01
7.687726613973162593e-01
7.687726613973162593e-01
7.687726613973162593e-01
7.687726613973162593e-01
7.687726613973162593e-01
6.491449345878597121e-01
6.491449345878597121e-01
6.491449345878597121e-01
7.555108323591412933e-01
7.555108323591412933e-01
7.555108323591412933e-01
7.555108323591412933e-01
7.555108323591412933e-01
7.555108323591412933e-01
7.555108323591412933e-01
7.555108323591412933e-01
7.555108323591412933e-01
7.555108323591412933e-01
7.555108323591412933e-01
7.555108323591412933e-01
7.555108323591412933e-01
7.555108323591412933e-01
7.555108323591412933e-01
7.555108323591412933e-01
7.555108323591412933e-01
7.555108323591412933e-01
7.555108323591412933e-01
7.555108323591412933e-01
7.555108323591412933e-01
7.555108323591412933e-01
7.555108323591412933e-01
7.555108323591412933e-01
7.555108323591412933e-01
7.555108323591412933e-01
7.555108323591412933e-01
7.555108323591412933e-01
7.555108323591412933e-01
7.555108323591412933e-01
7.555108323591412933e-01
7.555108323591412933e-01
7.555108323591412933e-01
7.555108323591412933e-01
7.555108323591412933e-01
7.555108323591412933e-01
7.555108323591412933e-01
7.555108323591412933e-01
7.555108323591412933e-01
7.555108323591412933e-01
7.555108323591412933e-01
6.774369745334429815e-01
6.442747652977541817e-01
6.442747652977541817e-01
2.096795720632975146e-01
6.423237097956016051e-01
6.423237097956016051e-01
6.423237097956016051e-01
6.423237097956016051e-01
6.423237097956016051e-01
6.423237097956016051e-01
6.423237097956016051e-01
6.423237097956016051e-01
6.423237097956016051e-01
2.030184399487145741e-01
4.913638775897807842e-02
1.085266304018356193e-01
1.085266304018356193e-01
1.085266304018356193e-01
6.453968072540644529e-01
6.453968072540644529e-01
8.995814638874226610e-01
4.784742855687004193e-01
1.303166772426049280e-01
6.567151193151702371e-01
4.097969256752133083e-01
1.263738062209804891e-01
6.844213352468827560e-01
9.082287862139604151e-01
7.005194502788968380e-01
8.456290752798913957e-01
9.765518734142423218e-01
7.345841378094120078e-01
8.256292565145504359e-01
3.017121537376796780e-01
4.803870210145166908e-01
2.944677396770956634e-01
3.027354462194450924e-01
8.068912775319164732e-01
5.139371985633801598e-01
5.438460684223636044e-01
7.812934509174720432e-01
8.226123291787230674e-01
8.226123291787230674e-01
9.627529212487553334e-01
6.086775247241862363e-01
6.843713968657634261e-01
9.684191306868829008e-01
7.332817241392100005e-01
9.158455694561250526e-01
8.376975261635718484e-01
7.351134263083474174e-01
9.560493841743752386e-01
7.555108323591412933e-01
2.163690194519337362e-01
7.912749912870099545e-01
9.158455694561250526e-01
2.920944581301149201e-01
5.100941468565048931e-01
9.413058344433026248e-01
9.198019740199135930e-01
9.142185307162713492e-01
7.986184408951844116e-01
8.794819965981587329e-01
8.794819965981587329e-01
8.794819965981587329e-01
1.068724148119801071e-01
9.733473207510213721e-01
4.511093484953268562e-01
7.502386310989652696e-01
7.608923982061031044e-01
7.608923982061031044e-01
7.608923982061031044e-01
7.608923982061031044e-01
7.608923982061031044e-01
7.608923982061031044e-01
2.861584157180573768e-02
7.949464141342585943e-01
9.828389351528232787e-01
9.828389351528232787e-01
9.532134263490003034e-01
8.779878825512720253e-01
8.965378053965965544e-01
2.670559836454367009e-01
2.269143169093956469e-01
8.779878825512720253e-01
8.965378053965965544e-01
9.532134263490003034e-01
9.532134263490003034e-01
9.532134263490003034e-01
8.965378053965965544e-01
9.261200061772095760e-01
7.210328286678215903e-01
6.280305268318083778e-01
9.136926566793509563e-01
7.147200459038247633e-01
5.209694467538265039e-01
6.280305268318083778e-01
7.210328286678215903e-01
5.209694467538265039e-01
7.147200459038247633e-01
7.210328286678215903e-01
3.073496823908511422e-01
7.210328286678215903e-01
4.007982600259613060e-01
7.147200459038247633e-01
7.210328286678215903e-01
7.362548623480195953e-02
7.210328286678215903e-01
7.210328286678215903e-01
6.280305268318083778e-01
7.147200459038247633e-01
1.107890213187675693e-01
7.147200459038247633e-01
6.280305268318083778e-01
7.675640032187623918e-01
7.210328286678215903e-01
7.147200459038247633e-01
7.675640032187623918e-01
7.147200459038247633e-01
8.368204634629814453e-01
7.147200459038247633e-01
5.209694467538265039e-01
8.486015310189547467e-01
8.747164695516487232e-01
8.814498239899412058e-01
8.747164695516487232e-01
5.609840329207199661e-01
8.814498239899412058e-01
7.062953633978452661e-01
8.866367038798086408e-01
6.446427065072994900e-01
6.967558734447439894e-01
2.700215577124485677e-01
7.675640032187623918e-01
7.675640032187623918e-01
7.675640032187623918e-01
1.796614246965079764e-01
1.564581174973192768e-01
7.675640032187623918e-01
7.675640032187623918e-01
7.675640032187623918e-01
7.336163080175639450e-01
1.867538221364757056e-01
1.648271934861881838e-01
1.648271934861881838e-01
1.648271934861881838e-01
1.648271934861881838e-01
1.648271934861881838e-01
1.648271934861881838e-01
4.373129898777327607e-01
9.340043223912042336e-02
7.675640032187623918e-01
7.675640032187623918e-01
7.675640032187623918e-01
7.675640032187623918e-01
7.675640032187623918e-01
7.675640032187623918e-01
7.675640032187623918e-01
7.675640032187623918e-01
7.675640032187623918e-01
7.675640032187623918e-01
7.675640032187623918e-01
1.880892297222926945e-01
7.943065333186054566e-01
2.123015341869589623e-01
9.538741635091676496e-01
9.538741635091676496e-01
9.538741635091676496e-01
8.959825266981187308e-01
7.958665584859792030e-01
8.959825266981187308e-01
8.959825266981187308e-01
8.236209892602327498e-01
3.668496668547436834e-01
3.668496668547436834e-01
1.107890213187675693e-01
1.792008205141478461e-01
5.807612006963374096e-01
3.373989826390864089e-01
2.199419843011995446e-01
9.763628182952327483e-01
4.313519437530498601e-01
3.973225826301288732e-01
5.520784530949781610e-01
7.675640032187623918e-01
7.675640032187623918e-01
7.675640032187623918e-01
7.675640032187623918e-01
7.675640032187623918e-01
7.675640032187623918e-01
7.675640032187623918e-01
7.675640032187623918e-01
7.675640032187623918e-01
7.675640032187623918e-01
7.675640032187623918e-01
7.675640032187623918e-01
7.675640032187623918e-01
7.675640032187623918e-01
7.675640032187623918e-01
7.210328286678215903e-01
9.538741635091676496e-01
8.368204634629814453e-01
8.368204634629814453e-01
9.281958868552748765e-01
9.451027903746551662e-01
9.070075545508952120e-01
9.226883744085200290e-01
9.451027903746551662e-01
9.070075545508952120e-01
9.070075545508952120e-01
9.226883744085200290e-01
9.403885080301753741e-01
9.371995939651804886e-01
9.538741635091676496e-01
9.538741635091676496e-01
9.371995939651804886e-01
9.538741635091676496e-01
9.538741635091676496e-01
9.538741635091676496e-01
9.538741635091676496e-01
9.538741635091676496e-01
9.538741635091676496e-01
9.538741635091676496e-01
9.538741635091676496e-01
9.538741635091676496e-01
9.538741635091676496e-01
9.538741635091676496e-01
9.136926566793509563e-01
8.779878825512720253e-01
8.403305058983708831e-01
2.534426407983142449e-01
6.529113781475163192e-01
8.707891720423708293e-01
8.707891720423708293e-01
8.152172255062909434e-01
8.368204634629814453e-01
7.147200459038247633e-01
7.277067909612744412e-01
5.674284170987139442e-01
5.346841523779867211e-01
2.791474506381757537e-01
2.873165214654463395e-01
9.467010004323527239e-01
9.801599162255127951e-01
9.522073007884772622e-01
6.441461570400761061e-02
5.510326123716868807e-01
9.454494420096525298e-01
5.643277992061860315e-01
9.454494420096525298e-01
9.454494420096525298e-01
9.454494420096525298e-01
8.418944805176731272e-01
6.280305268318083778e-01
2.670559836454367009e-01
8.825922460605094555e-01
6.111881039804061277e-01
5.139807013915180800e-01
1.345746903438744257e-01
1.119904127800014776e-01
2.182838455495329510e-01
3.073496823908511422e-01
1.186848434113235567e-01
7.287723380197920209e-01
4.007982600259613060e-01
2.676549080028768901e-01
8.669670550102340778e-01
8.669670550102340778e-01
2.620654616164949102e-01
3.618739805479384009e-01
9.142185307162713492e-01
8.182063023343808528e-01
1.812030627083189571e-01
8.687396023370395071e-01
8.687396023370395071e-01
8.687396023370395071e-01
8.687396023370395071e-01
8.687396023370395071e-01
6.330163232074768886e-02
2.074570085288277299e-01
2.780058250691210681e-02
7.149550935322432355e-02
8.038230559876051728e-01
1.223844056914859535e-01
8.687396023370395071e-01
8.687396023370395071e-01
8.687396023370395071e-01
8.687396023370395071e-01
8.687396023370395071e-01
8.687396023370395071e-01
8.687396023370395071e-01
8.687396023370395071e-01
7.062953633978452661e-01
8.320159462504334025e-01
6.628894035540485730e-01
9.927199781680184909e-01
9.173835310767406437e-01
3.951449166082264264e-01
7.732047031020868877e-01
7.732047031020868877e-01
7.732047031020868877e-01
6.942700328794220166e-01
3.299944433638851149e-01
1.936612361741459898e-01
6.912723547103212518e-02
6.912723547103212518e-02
6.912723547103212518e-02
2.349661575089908028e-01
2.349661575089908028e-01
2.349661575089908028e-01
2.349661575089908028e-01
2.346823732427792963e-01
7.377179377182577213e-02
3.411737283227286310e-01
1.905053584398247457e-01
7.787942556733987165e-02
8.669670550102340778e-01
8.669670550102340778e-01
4.057479130129332812e-01
8.814498239899412058e-01
8.051074265377863859e-02
7.403895530913777723e-01
1.010077089431094394e-01
7.403895530913777723e-01
7.403895530913777723e-01
7.403895530913777723e-01
8.747164695516487232e-01
7.403895530913777723e-01
7.403895530913777723e-01
7.403895530913777723e-01
7.403895530913777723e-01
6.441461570400761061e-02
8.814498239899412058e-01
8.065380274367460745e-01
6.667370710056941263e-01
9.351307414852767508e-01
7.016016815330278211e-01
9.685237813180158639e-01
5.333577539591695116e-01
4.452665328223111008e-01
7.546578910026785492e-01
7.282238374297597128e-01
7.546578910026785492e-01
4.885864807992708614e-01
7.147047736160513920e-02
1.259201872577486725e-01
1.259201872577486725e-01
2.603999493608111226e-02
2.603999493608111226e-02
2.603999493608111226e-02
2.603999493608111226e-02
4.815626512759945688e-01
4.815626512759945688e-01
7.887904187798726596e-01
4.815626512759945688e-01
4.815626512759945688e-01
4.815626512759945688e-01
4.815626512759945688e-01
4.815626512759945688e-01
4.815626512759945688e-01
4.815626512759945688e-01
4.815626512759945688e-01
4.815626512759945688e-01
5.502065604931893894e-01
2.568813895059172681e-01
4.815626512759945688e-01
5.733004597007015229e-02
4.815626512759945688e-01
5.739082619119331152e-01
4.815626512759945688e-01
4.815626512759945688e-01
4.815626512759945688e-01
2.138140258074222588e-01
5.002189113284947197e-01
7.444942338922685421e-01
2.603999493608111226e-02
5.421689361169686888e-02
2.126447530305736536e-02
5.877274002741300629e-01
4.815626512759945688e-01
5.193552016410493688e-02
1.295212526002310072e-01
5.421745865344693160e-02
2.126447530305736536e-02
8.633292904495998288e-01
8.759033786112656594e-01
8.759033786112656594e-01
6.032412670132460963e-01
5.877274002741300629e-01
7.887904187798726596e-01
3.390798724014380122e-02
8.759033786112656594e-01
8.633292904495998288e-01
2.126447530305736536e-02
8.633292904495998288e-01
8.728360908435667254e-01
3.390798724014380122e-02
8.172165928051079442e-01
1.172814438111627472e-01
7.382684823225232895e-01
3.423085713044722866e-01
7.382684823225232895e-01
8.172165928051079442e-01
8.172165928051079442e-01
7.382684823225232895e-01
1.384374221314881859e-01
5.762661587147888120e-01
5.762661587147888120e-01
5.762661587147888120e-01
5.762661587147888120e-01
5.762661587147888120e-01
5.762661587147888120e-01
5.762661587147888120e-01
5.762661587147888120e-01
5.762661587147888120e-01
5.762661587147888120e-01
5.687745211411950885e-01
5.762661587147888120e-01
5.762661587147888120e-01
5.762661587147888120e-01
5.762661587147888120e-01
5.687745211411950885e-01
5.762661587147888120e-01
5.762661587147888120e-01
5.762661587147888120e-01
5.762661587147888120e-01
5.687745211411950885e-01
1.163313325127842690e-01
1.733947711083550225e-01
7.382684823225232895e-01
8.172165928051079442e-01
7.382684823225232895e-01
8.172165928051079442e-01
4.442106627887957848e-01
3.493252720578208792e-01
9.376252707763542693e-01
1.378628629038463060e-01
6.462547640784689351e-01
5.979734137511023562e-01
5.813792373854699269e-01
5.797303114105948341e-01
6.933865418444362660e-01
7.625052839457396869e-01
2.646122006601419052e-01
3.219249799036407178e-01
2.488167187712268802e-01
9.238210621447991988e-01
9.993227580741222971e-01
8.930624236328684740e-01
1.444876626708780643e-01
6.481587832992747877e-01
4.048721149897506200e-01
9.603829849649095918e-01
2.321500575881065564e-01
3.280989628498930388e-01
2.076473698085572195e-01
4.073079788848099070e-01
5.544235105143632270e-01
7.790614485160298752e-01
4.123887625138349805e-02
8.345893993491492191e-01
1.456054164104141901e-01
9.820800115245218453e-01
5.687745211411950885e-01
1.033442844911722364e-01
6.181107569583500494e-01
4.747355799019932210e-01
2.582618164273383643e-01
5.212590746616618809e-01
2.471704300469354521e-01
8.436150292240614246e-02
9.317072011319894598e-01
8.507581652637113967e-01
9.146622141274650675e-01
5.361829613845782161e-01
9.084622257639894949e-01
9.603829849649095918e-01
9.247078869412010682e-02
9.449204339591276147e-01
9.727260119615829259e-01
7.898954352209236474e-01
8.967121904961098400e-01
9.479483136572505186e-01
9.789464151042024387e-01
9.539015538891596480e-01
4.267835268392213832e-01
9.565083697854750433e-01
3.712782669466937469e-01
8.533104535354602005e-01
6.585199041155518351e-01
6.585199041155518351e-01
6.585199041155518351e-01
9.252451058072225232e-01
1.333988754365728058e-01
8.988395820268521019e-01
8.537237633918935975e-01
3.526864935049529165e-02
9.602850102945601485e-01
1.127492942137501980e-01
2.692305687688871241e-01
4.477034323548759187e-01
4.477034323548759187e-01
1.570398910156900474e-01
9.001069690447529581e-01
9.001069690447529581e-01
8.059384905029260970e-01
3.114689947796106528e-01
3.114689947796106528e-01
4.514175582483286875e-01
8.059384905029260970e-01
5.002189113284947197e-01
9.539015538891596480e-01
9.539015538891596480e-01
3.114689947796106528e-01
4.654569181353730434e-01
9.539015538891596480e-01
8.059384905029260970e-01
8.059384905029260970e-01
4.654569181353730434e-01
5.002189113284947197e-01
9.518295981930267047e-01
8.549122158860944509e-01
7.931221176382433624e-01
9.539015538891596480e-01
4.815626512759945688e-01
4.815626512759945688e-01
2.395187414134848924e-01
9.518295981930267047e-01
9.539015538891596480e-01
9.539015538891596480e-01
9.539015538891596480e-01
3.114689947796106528e-01
9.518295981930267047e-01
9.518295981930267047e-01
4.815626512759945688e-01
4.815626512759945688e-01
4.654569181353730434e-01
2.395187414134848924e-01
4.815626512759945688e-01
4.815626512759945688e-01
4.815626512759945688e-01
2.395187414134848924e-01
4.815626512759945688e-01
3.114689947796106528e-01
2.395187414134848924e-01
8.801552821650532321e-01
4.815626512759945688e-01
4.815626512759945688e-01
3.114689947796106528e-01
4.654569181353730434e-01
2.395187414134848924e-01
2.395187414134848924e-01
3.114689947796106528e-01
4.654569181353730434e-01
2.395187414134848924e-01
9.518295981930267047e-01
3.114689947796106528e-01
2.395187414134848924e-01
9.821607228573468740e-02
5.845020845377042751e-02
4.815626512759945688e-01
5.502065604931893894e-01
3.114689947796106528e-01
2.395187414134848924e-01
7.931221176382433624e-01
4.815626512759945688e-01
4.815626512759945688e-01
3.114689947796106528e-01
4.654569181353730434e-01
2.395187414134848924e-01
3.114689947796106528e-01
4.654569181353730434e-01
2.395187414134848924e-01
3.114689947796106528e-01
4.654569181353730434e-01
5.002189113284947197e-01
9.518295981930267047e-01
8.549122158860944509e-01
7.931221176382433624e-01
2.395187414134848924e-01
9.727260119615829259e-01
1.751724938031706258e-01
3.114689947796106528e-01
4.654569181353730434e-01
9.518295981930267047e-01
8.716628338861621694e-01
4.654569181353730434e-01
2.395187414134848924e-01
5.002189113284947197e-01
9.518295981930267047e-01
7.931221176382433624e-01
9.518295981930267047e-01
8.716628338861621694e-01
8.716628338861621694e-01
3.746817266718349138e-01
3.627793925030250444e-01
8.716628338861621694e-01
8.716628338861621694e-01
8.716628338861621694e-01
3.998045929475551041e-01
1.859662779822935930e-01
8.716628338861621694e-01
2.784719392244154948e-02
9.134977001116733053e-01
9.134977001116733053e-01
9.315565519729234190e-01
9.134977001116733053e-01
9.134977001116733053e-01
9.315565519729234190e-01
9.315565519729234190e-01
9.134977001116733053e-01
9.134977001116733053e-01
3.998045929475551041e-01
9.315565519729234190e-01
9.134977001116733053e-01
1.859662779822935930e-01
9.315565519729234190e-01
9.315565519729234190e-01
9.315565519729234190e-01
9.134977001116733053e-01
9.315565519729234190e-01
9.134977001116733053e-01
9.315565519729234190e-01
9.315565519729234190e-01
9.134977001116733053e-01
9.134977001116733053e-01
9.134977001116733053e-01
9.315565519729234190e-01
9.134977001116733053e-01
7.229908151479865763e-01
4.631418016825270545e-01
9.315565519729234190e-01
7.229908151479865763e-01
9.315565519729234190e-01
7.229908151479865763e-01
9.134977001116733053e-01
9.134977001116733053e-01
9.134977001116733053e-01
7.229908151479865763e-01
7.229908151479865763e-01
7.229908151479865763e-01
9.134977001116733053e-01
9.134977001116733053e-01
1.859662779822935930e-01
7.600667513414285370e-01
9.315565519729234190e-01
9.315565519729234190e-01
8.718798578946500566e-01
9.315565519729234190e-01
9.315565519729234190e-01
9.315565519729234190e-01
9.315565519729234190e-01
7.600667513414285370e-01
9.001579636894282421e-01
7.600667513414285370e-01
7.015413304861719546e-01
9.134977001116733053e-01
9.134977001116733053e-01
9.134977001116733053e-01
9.134977001116733053e-01
9.134977001116733053e-01
9.134977001116733053e-01
9.134977001116733053e-01
9.134977001116733053e-01
9.134977001116733053e-01
9.134977001116733053e-01
9.134977001116733053e-01
9.134977001116733053e-01
9.134977001116733053e-01
9.134977001116733053e-01
9.134977001116733053e-01
9.134977001116733053e-01
7.060710907598130026e-01
7.984682820503600231e-01
7.060710907598130026e-01
7.984682820503600231e-01
5.934631978792971330e-01
8.934163289310019795e-01
7.060710907598130026e-01
2.549566686673273574e-01
1.859662779822935930e-01
7.765207942485365944e-01
7.765207942485365944e-01
7.765207942485365944e-01
7.765207942485365944e-01
7.765207942485365944e-01
7.765207942485365944e-01
7.765207942485365944e-01
4.797759751114408777e-01
4.631418016825270545e-01
2.167586440090148447e-01
2.356307429928525266e-01
7.229908151479865763e-01
7.229908151479865763e-01
7.229908151479865763e-01
1.707977843671333595e-01
7.865823420285752987e-02
2.869136418164102698e-01
6.846289992226395338e-01
8.380927200189236537e-01
5.918586830300940349e-01
7.600667513414285370e-01
7.600667513414285370e-01
9.001579636894282421e-01
9.001579636894282421e-01
9.001579636894282421e-01
9.001579636894282421e-01
9.001579636894282421e-01
9.001579636894282421e-01
9.001579636894282421e-01
9.001579636894282421e-01
9.001579636894282421e-01
9.001579636894282421e-01
8.262509476623945970e-01
6.507894686976092302e-01
8.020092841761317093e-01
5.773426551548673791e-01
1.904692482998170400e-01
5.390238782928822303e-01
7.806242169851596024e-01
2.403136069032735522e-01
4.280735280924174990e-01
4.155750889389053238e-01
1.241476519526321515e-01
4.345426413679032152e-01
1.035305036046643701e-01
5.445837818734424740e-01
2.916259329440362147e-01
7.353065076061384708e-01
9.315565519729234190e-01
9.315565519729234190e-01
4.728840003155121430e-01
4.988997513023875063e-01
3.842759288271574425e-01
1.456787355911251802e-01
5.907020037176364813e-01
1.435078771878881554e-01
5.612551846223744478e-01
1.369930874018797373e-01
1.134734712231979525e-01
5.718174093998293905e-01
8.249331606909695580e-01
6.688883856351510726e-01
1.996712508045125067e-01
1.143252419542807458e-01
2.138271593383849201e-01
4.396279720370130928e-01
8.021367163721260241e-01
5.174870796941684059e-01
2.914634111472544920e-01
7.301725730623113142e-01
5.427987861981946605e-01
1.724064619291603428e-01
6.118983014662928571e-02
1.231994987774482214e-01
9.635305223452601819e-02
4.168130184266894550e-02
9.318646358983680156e-02
1.001151428925413644e-01
6.995173808989921249e-02
1.143252419542807458e-01
2.665259057713904034e-01
4.769644068876237042e-01
6.804166792471305625e-01
1.449893193036000394e-01
7.611066396736259065e-01
2.905140444927374888e-01
8.061724453529326428e-01
8.061724453529326428e-01
8.061724453529326428e-01
9.128748235058500304e-01
9.128748235058500304e-01
9.128748235058500304e-01
9.128748235058500304e-01
9.128748235058500304e-01
9.128748235058500304e-01
9.128748235058500304e-01
8.520755769565210302e-01
1.181602589964132061e-01
6.804166792471305625e-01
9.852275996637781530e-01
9.852275996637781530e-01
9.852275996637781530e-01
5.002189113284947197e-01
8.801552821650532321e-01
8.479467521256804918e-01
9.291909913758396034e-01
8.382505885062655482e-01
8.162251209003467123e-01
9.291909913758396034e-01
9.629674636483747108e-01
7.394880345539068811e-01
7.394880345539068811e-01
9.579542945149415178e-01
9.634778340387145645e-01
8.162251209003467123e-01
9.291909913758396034e-01
9.727260119615829259e-01
7.394880345539068811e-01
8.974476500888439734e-01
9.509938633217214221e-01
4.790537376766418332e-01
9.585998384701106545e-01
1.217301217723184559e-01
7.902811627911883186e-01
5.631111178526573280e-01
9.289233712955936584e-01
2.706707232830710130e-01
1.148798346617097704e-01
9.585998384701106545e-01
3.206929395771977997e-01
9.585998384701106545e-01
7.831961080328645464e-01
1.693922338906591121e-02
9.585998384701106545e-01
9.703691909492117018e-01
9.703691909492117018e-01
9.703691909492117018e-01
1.693922338906591121e-02
9.703691909492117018e-01
6.156676481782727972e-01
9.703691909492117018e-01
9.703691909492117018e-01
9.625765064400473303e-01
9.625765064400473303e-01
9.703691909492117018e-01
9.703691909492117018e-01
9.625765064400473303e-01
1.277162961834862609e-01
1.277162961834862609e-01
1.277162961834862609e-01
1.277162961834862609e-01
1.277162961834862609e-01
1.277162961834862609e-01
1.693922338906591121e-02
9.703691909492117018e-01
6.156676481782727972e-01
9.703691909492117018e-01
6.156676481782727972e-01
9.703691909492117018e-01
8.231862053729055440e-02
1.869701070497859635e-02
5.214709013592048192e-01
7.088867888752838908e-01
5.111496139935360894e-01
7.088867888752838908e-01
7.088867888752838908e-01
7.088867888752838908e-01
7.088867888752838908e-01
7.088867888752838908e-01
7.088867888752838908e-01
7.088867888752838908e-01
7.088867888752838908e-01
7.088867888752838908e-01
7.088867888752838908e-01
5.111496139935360894e-01
7.088867888752838908e-01
7.500542481763509128e-01
2.392901096518881832e-01
6.156676481782727972e-01
9.696595580553358795e-01
9.696595580553358795e-01
9.696595580553358795e-01
9.696595580553358795e-01
9.696595580553358795e-01
9.524354656522160401e-01
6.770529538915266432e-01
1.213333005184003971e-01
2.553587584425547063e-02
6.500332868127799424e-01
7.087575060082891287e-01
1.446264481874589766e-02
4.305800942240516904e-01
3.109632894409121093e-02
9.364732012077003898e-01
4.498155666481881698e-01
4.735656071847714824e-03
1.796384073865356021e-02
3.425439468028600443e-01
2.080863144079608540e-01
2.080863144079608540e-01
2.172241133271866909e-01
6.455894770080107259e-01
1.309666250853816147e-02
1.776762583263653481e-02
6.898311822584417968e-03
9.666960096775026323e-02
1.139901713695121444e-01
9.703691909492117018e-01
4.326882016162642008e-02
1.217301217723184559e-01
1.506058547174720652e-01
8.781083001114851905e-02
1.023071611861942065e-01
2.730027410188278769e-01
5.232480074086613975e-01
1.157942322590660156e-01
1.494031012818576587e-01
1.102609099640329826e-01
7.517883680703403293e-01
1.646134705309917901e-01
9.521845931080593628e-01
7.744758428907966286e-02
7.666177913030545188e-01
1.168683385095772298e-01
9.003238541303927311e-01
6.290860971393649193e-01
9.744515530021233829e-01
6.290860971393649193e-01
9.003238541303927311e-01
5.111496139935360894e-01
9.411343649886062812e-02
3.237108046979932929e-01
4.054114097418490964e-02
3.400336610519341662e-01
9.003238541303927311e-01
9.003238541303927311e-01
8.925959823355235079e-01
6.914315405852450303e-02
9.003238541303927311e-01
4.566057097183365276e-01
5.394964776884585422e-01
9.513292015887524489e-01
6.922830106200638101e-01
8.322715601267519636e-01
6.914315405852450303e-02
9.852275996637781530e-01
9.852275996637781530e-01
8.479467521256804918e-01
9.828389351528232787e-01
9.828389351528232787e-01
9.486836592888759911e-01
7.732823663914257795e-01
9.727260119615829259e-01
8.801552821650532321e-01
9.911508991969767424e-01
5.598895644547481343e-01
1.299436678953378443e-01
7.732823663914257795e-01
9.227075454330777582e-01
4.430501379802040951e-01
8.801552821650532321e-01
9.478441360990241815e-01
8.388702937203796894e-01
9.478441360990241815e-01
8.487612569969954501e-01
9.168773771381838467e-01
4.166259234944578727e-01
7.730838942653889267e-01
8.436577232188682274e-01
8.138689187010355042e-01
4.166259234944578727e-01
1.566288411325720831e-01
4.166259234944578727e-01
8.138689187010355042e-01
4.166259234944578727e-01
7.730838942653889267e-01
8.138689187010355042e-01
7.868941732709281434e-01
7.868941732709281434e-01
6.066437976063000503e-01
6.411772328459133252e-01
5.819911391363588038e-01
1.151329389608641979e-01
1.198342116923138134e-01
3.145837340411386518e-01
1.731138475459742185e-02
2.116556737689256201e-02
7.777989520921707589e-02
1.254250539034676426e-01
1.061100370434348850e-01
9.486836592888759911e-01
2.964357106009886111e-01
2.435867301101073135e-01
1.996859190916289439e-01
2.559169461393855927e-01
4.166259234944578727e-01
1.267457805475353909e-02
1.476236856588540591e-01
1.566288411325720831e-01
8.436577232188682274e-01
1.575597649355188201e-01
8.556463931964432001e-01
8.556463931964432001e-01
8.556463931964432001e-01
8.556463931964432001e-01
8.556463931964432001e-01
8.556463931964432001e-01
5.849272595218049098e-01
3.613278257136550708e-01
1.059877131118623916e-01
5.769912015850493514e-01
5.769912015850493514e-01
5.769912015850493514e-01
5.769912015850493514e-01
5.548576305149109933e-01
1.879592591333313079e-01
6.057766425443616987e-02
8.974476500888439734e-01
7.101792966310198352e-02
5.769912015850493514e-01
1.198229032808464795e-01
6.793284766339741099e-02
1.340812563258162171e-01
6.793284766339741099e-02
9.238516879052448560e-01
4.815626512759945688e-01
6.021665287130840705e-01
9.238516879052448560e-01
9.238516879052448560e-01
4.815626512759945688e-01
6.417401083601900202e-01
2.745377414878583666e-01
6.417401083601900202e-01
6.021665287130840705e-01
6.417401083601900202e-01
6.417401083601900202e-01
4.815626512759945688e-01
9.238516879052448560e-01
4.815626512759945688e-01
4.815626512759945688e-01
3.625975242635130491e-01
4.815626512759945688e-01
4.815626512759945688e-01
4.815626512759945688e-01
8.967121904961098400e-01
4.815626512759945688e-01
4.815626512759945688e-01
4.815626512759945688e-01
4.815626512759945688e-01
4.815626512759945688e-01
4.815626512759945688e-01
4.815626512759945688e-01
4.815626512759945688e-01
4.815626512759945688e-01
4.815626512759945688e-01
4.815626512759945688e-01
1.756124800191646851e-01
6.003701324640389192e-01
6.775367042016076091e-01
2.139290219688648187e-01
5.002189113284947197e-01
1.543460642519562664e-01
2.809251005222173497e-02
9.633872635316237387e-02
4.815626512759945688e-01
4.815626512759945688e-01
6.567925982727959022e-01
4.601440456894569375e-01
8.382239171255025934e-01
5.283673201900034033e-02
3.386711819683893565e-02
4.815626512759945688e-01
4.815626512759945688e-01
4.815626512759945688e-01
8.382239171255025934e-01
2.784313877602426768e-01
8.382239171255025934e-01
2.784313877602426768e-01
8.382239171255025934e-01
6.003701324640389192e-01
8.452130785872032925e-01
1.729524903770709721e-01
4.815626512759945688e-01
4.815626512759945688e-01
4.815626512759945688e-01
4.815626512759945688e-01
4.815626512759945688e-01
4.815626512759945688e-01
4.815626512759945688e-01
4.815626512759945688e-01
4.815626512759945688e-01
4.815626512759945688e-01
4.815626512759945688e-01
4.815626512759945688e-01
4.815626512759945688e-01
4.815626512759945688e-01
4.815626512759945688e-01
4.815626512759945688e-01
4.815626512759945688e-01
4.815626512759945688e-01
4.815626512759945688e-01
4.815626512759945688e-01
4.815626512759945688e-01
4.815626512759945688e-01
4.815626512759945688e-01
4.815626512759945688e-01
4.815626512759945688e-01
4.815626512759945688e-01
4.815626512759945688e-01
4.815626512759945688e-01
4.815626512759945688e-01
4.815626512759945688e-01
4.815626512759945688e-01
4.815626512759945688e-01
4.815626512759945688e-01
4.815626512759945688e-01
4.815626512759945688e-01
4.815626512759945688e-01
4.815626512759945688e-01
4.815626512759945688e-01
4.815626512759945688e-01
4.815626512759945688e-01
4.815626512759945688e-01
4.815626512759945688e-01
4.815626512759945688e-01
4.815626512759945688e-01
4.815626512759945688e-01
4.815626512759945688e-01
4.815626512759945688e-01
4.815626512759945688e-01
4.815626512759945688e-01
4.815626512759945688e-01
4.815626512759945688e-01
4.815626512759945688e-01
4.815626512759945688e-01
4.815626512759945688e-01
4.815626512759945688e-01
4.815626512759945688e-01
5.502065604931893894e-01
1.611067384715272333e-01
1.611067384715272333e-01
6.379548309237816905e-01
6.003701324640389192e-01
6.003701324640389192e-01
6.003701324640389192e-01
4.732919876730988240e-01
4.732919876730988240e-01
4.732919876730988240e-01
4.732919876730988240e-01
4.732919876730988240e-01
4.732919876730988240e-01
4.732919876730988240e-01
4.732919876730988240e-01
4.732919876730988240e-01
4.732919876730988240e-01
4.732919876730988240e-01
4.732919876730988240e-01
4.732919876730988240e-01
4.732919876730988240e-01
4.732919876730988240e-01
4.732919876730988240e-01
4.732919876730988240e-01
4.732919876730988240e-01
4.732919876730988240e-01
4.732919876730988240e-01
4.732919876730988240e-01
4.732919876730988240e-01
4.732919876730988240e-01
4.732919876730988240e-01
4.732919876730988240e-01
4.732919876730988240e-01
4.732919876730988240e-01
4.732919876730988240e-01
4.732919876730988240e-01
4.732919876730988240e-01
4.732919876730988240e-01
4.732919876730988240e-01
4.732919876730988240e-01
4.732919876730988240e-01
6.946304270212824150e-01
8.913196502291703682e-01
2.784313877602426768e-01
2.784313877602426768e-01
8.382239171255025934e-01
8.382239171255025934e-01
8.382239171255025934e-01
2.383049845197009464e-01
3.114689947796106528e-01
3.114689947796106528e-01
2.383049845197009464e-01
1.015673108660502394e-01
1.052255920447485449e-01
8.382239171255025934e-01
8.382239171255025934e-01
4.654569181353730434e-01
2.553505209855748692e-01
9.694708915933076820e-01
9.694708915933076820e-01
9.694708915933076820e-01
9.694708915933076820e-01
6.775367042016076091e-01
9.287609791002814363e-01
4.015254765293977957e-01
7.898954352209236474e-01
9.656078659652279628e-01
5.148369633160531089e-01
8.827954054615123891e-02
1.616977500053488892e-01
6.011963288544517336e-01
9.577131830914350497e-01
7.883596754946617935e-01
8.382239171255025934e-01
8.382239171255025934e-01
2.153889407897792430e-01
8.382239171255025934e-01
8.382239171255025934e-01
4.461824623363039310e-01
8.382239171255025934e-01
8.382239171255025934e-01
8.382239171255025934e-01
8.382239171255025934e-01
4.461824623363039310e-01
2.577104051396562623e-01
2.577104051396562623e-01
2.660273996250395734e-01
2.660273996250395734e-01
2.660273996250395734e-01
2.660273996250395734e-01
2.660273996250395734e-01
7.702403650708138372e-01
1.196160665662354128e-01
9.284418920751293935e-01
6.284210738965422260e-01
1.047733948353937322e-01
5.069005992189745680e-01
5.827891756267117307e-01
1.350172031780809134e-01
1.238692017714732169e-01
2.778761611329623182e-01
4.974823567589828355e-01
4.974823567589828355e-01
4.974823567589828355e-01
1.073286379367911075e-02
1.387577881583381967e-01
4.306072562451621066e-01
4.306072562451621066e-01
4.306072562451621066e-01
4.306072562451621066e-01
4.306072562451621066e-01
4.306072562451621066e-01
2.048983306812535155e-01
5.002189113284947197e-01
5.002189113284947197e-01
5.002189113284947197e-01
5.002189113284947197e-01
5.002189113284947197e-01
5.002189113284947197e-01
5.002189113284947197e-01
5.002189113284947197e-01
5.002189113284947197e-01
5.002189113284947197e-01
5.002189113284947197e-01
5.002189113284947197e-01
5.002189113284947197e-01
5.002189113284947197e-01
5.002189113284947197e-01
5.002189113284947197e-01
5.002189113284947197e-01
5.002189113284947197e-01
5.002189113284947197e-01
5.002189113284947197e-01
5.002189113284947197e-01
5.002189113284947197e-01
4.974823567589828355e-01
1.620862545247741260e-01
1.827866062726545282e-01
4.662562699597452322e-03
9.600496465048727335e-02
4.965772951829382498e-01
1.666707930760142065e-01
1.666707930760142065e-01
1.666707930760142065e-01
5.919447036485816493e-01
3.718723022978422388e-01
1.315020514515680417e-01
1.184229275907070916e-01
4.631147103024682576e-01
5.493443913790593269e-01
1.041085758132276329e-01
1.301480005260343964e-01
6.559230817372850575e-02
7.146458832824902074e-02
2.620647594951196896e-02
7.234524301266528346e-01
5.574803174706678410e-01
2.745377414878583666e-01
2.203379839416020614e-01
7.709538196075849115e-02
3.748499226297186682e-01
2.568813895059172681e-01
2.568813895059172681e-01
2.568813895059172681e-01
6.343185927729317886e-01
3.028755237641552744e-01
3.625975242635130491e-01
7.065250072152279293e-01
5.948520534236025892e-01
1.196160665662354128e-01
4.989064264773832025e-01
7.998907196120059737e-01
6.366647626141881677e-02
4.748840611588076022e-01
2.062399267344975917e-01
7.340860683455580071e-01
3.625975242635130491e-01
1.975651633241296001e-01
9.748363939831724556e-01
6.810328926210549305e-01
9.748363939831724556e-01
9.777638153355768802e-01
6.810328926210549305e-01
6.810328926210549305e-01
6.810328926210549305e-01
6.999780233132002483e-02
4.005457935403086700e-02
7.012528508610310629e-02
6.808678112050917663e-01
1.118176791551981075e-01
1.293789533296120786e-01
4.051769992609985382e-01
1.488858404963373100e-02
9.488488707034094249e-02
5.678149030654088686e-02
4.190069712693150761e-02
2.233232218192449103e-02
1.189763932148821812e-01
6.810328926210549305e-01
6.810328926210549305e-01
6.810328926210549305e-01
7.057282120652159652e-01
7.057282120652159652e-01
9.289736274447326636e-01
9.289736274447326636e-01
9.289736274447326636e-01
2.150161678229796924e-01
1.288490785271786954e-01
2.387481714632000429e-01
2.322983461451044174e-01
3.912624168200968255e-01
7.598024887214196443e-01
2.464797818681898067e-01
6.862028112359914722e-01
2.094940201086700482e-01
2.204197470646549750e-01
4.097856822085709783e-01
1.781647545042506775e-01
1.731125812507002815e-01
2.306175326453561159e-01
1.496609755811351417e-01
1.449019868612691775e-01
3.047231801079617122e-02
9.919534113338034087e-02
4.941033961352341020e-02
1.534804303334982856e-01
3.230230222957346242e-02
7.444942338922685421e-01
7.444942338922685421e-01
7.444942338922685421e-01
7.444942338922685421e-01
8.526999054801076561e-01
3.250275290541028705e-01
7.394880345539068811e-01
9.307389529212479751e-01
7.957054150245010948e-01
7.394880345539068811e-01
8.801552821650532321e-01
7.394880345539068811e-01
7.394880345539068811e-01
7.394880345539068811e-01
9.727260119615829259e-01
9.617933502275322066e-01
9.579542945149415178e-01
9.728579499011222875e-01
9.579542945149415178e-01
9.158541910023748622e-01
9.579542945149415178e-01
9.307389529212479751e-01
9.720222964859802639e-01
9.720222964859802639e-01
9.720222964859802639e-01
9.150884142391871867e-01
9.720222964859802639e-01
9.158541910023748622e-01
9.720222964859802639e-01
9.433116752397888716e-01
9.720222964859802639e-01
9.227075454330777582e-01
8.162251209003467123e-01
9.765275320529847036e-01
9.600917150116665688e-01
8.162251209003467123e-01
2.925734016166285367e-01
9.600917150116665688e-01
9.715853303710124678e-01
3.148139331947304997e-01
9.715853303710124678e-01
9.715853303710124678e-01
9.715853303710124678e-01
9.715853303710124678e-01
9.715853303710124678e-01
9.715853303710124678e-01
9.715853303710124678e-01
9.715853303710124678e-01
9.715853303710124678e-01
3.148139331947304997e-01
9.715853303710124678e-01
9.728603450447160794e-01
9.715853303710124678e-01
9.832437642472786621e-01
9.852275996637781530e-01
9.852275996637781530e-01
9.852275996637781530e-01
9.852275996637781530e-01
9.852275996637781530e-01
1.150951081817524618e-01
2.905902473359343596e-01
6.988332777693355424e-02
7.477784863256281556e-01
3.499995434692889096e-01
8.524221004103625932e-01
3.660926680769067271e-02
8.911959777999272081e-01
7.302274612594553682e-01
4.298273492538737806e-01
8.162251209003467123e-01
8.162251209003467123e-01
8.162251209003467123e-01
4.952106086777832150e-01
8.162251209003467123e-01
4.952106086777832150e-01
7.271790789580193648e-01
6.501398548922933118e-01
6.501398548922933118e-01
1.693894524774214039e-01
7.910771014100292930e-02
3.144182447527510971e-01
3.914558201641973878e-01
4.952106086777832150e-01
4.952106086777832150e-01
4.952106086777832150e-01
4.952106086777832150e-01
4.952106086777832150e-01
4.952106086777832150e-01
4.952106086777832150e-01
9.600917150116665688e-01
9.691803975008752570e-01
9.691803975008752570e-01
9.691803975008752570e-01
9.691803975008752570e-01
9.691803975008752570e-01
9.691803975008752570e-01
9.691803975008752570e-01
9.691803975008752570e-01
9.691803975008752570e-01
9.691803975008752570e-01
9.691803975008752570e-01
9.691803975008752570e-01
9.081182647285612752e-01
8.017337068382555110e-01
8.017337068382555110e-01
8.017337068382555110e-01
8.017337068382555110e-01
8.017337068382555110e-01
8.017337068382555110e-01
8.017337068382555110e-01
8.017337068382555110e-01
8.017337068382555110e-01
1.471533781260697116e-01
9.726479729873016566e-02
1.519290773824374663e-01
1.519290773824374663e-01
1.519290773824374663e-01
3.566491242611282697e-01
8.620150167002669228e-01
8.538627697931912008e-01
7.221285746683711038e-01
7.580369782260587552e-02
8.550335489089951058e-02
4.025430560815709130e-02
7.798619257332449484e-02
6.269446435765840819e-02
1.254209088217598800e-01
1.659848806112625696e-01
8.342910422484998978e-02
9.715853303710124678e-01
9.715853303710124678e-01
9.715853303710124678e-01
8.193356889487208861e-01
1.001983761483129926e-01
3.000192553546873198e-01
5.953706946676320388e-01
1.147072229278976729e-01
1.425706007258505381e-01
7.977386487156039319e-02
1.318639086543391403e-01
8.538627697931912008e-01
5.128097059261792906e-02
9.777638153355768802e-01
9.748363939831724556e-01
9.748363939831724556e-01
9.748363939831724556e-01
9.748363939831724556e-01
9.748363939831724556e-01
9.094872453588515038e-01
6.728107310841257016e-01
3.802395139791663881e-01
1.805544820899036562e-01
3.102227397367952610e-01
9.382999170124562971e-01
1.340385605245276446e-01
5.998753872783929575e-01
7.826658519067202224e-01
5.234130758837609587e-01
3.235207851894919551e-01
2.587451877483513685e-01
1.957679280662462939e-01
1.166279444516990227e-01
1.343596559508927757e-01
9.192053969086344534e-01
9.797516887331021440e-01
9.797516887331021440e-01
8.801552821650532321e-01
9.272491441122328037e-01
9.192053969086344534e-01
9.797516887331021440e-01
8.741364915367203503e-01
8.801552821650532321e-01
9.101984552370229187e-01
9.101984552370229187e-01
9.101984552370229187e-01
9.101984552370229187e-01
9.272491441122328037e-01
9.101984552370229187e-01
9.272491441122328037e-01
9.101984552370229187e-01
9.101984552370229187e-01
9.272491441122328037e-01
8.801552821650532321e-01
9.101984552370229187e-01
9.101984552370229187e-01
8.801552821650532321e-01
9.101984552370229187e-01
9.272491441122328037e-01
9.797516887331021440e-01
8.801552821650532321e-01
9.101984552370229187e-01
9.101984552370229187e-01
9.272491441122328037e-01
9.131741239758344175e-01
9.791899491708804248e-01
9.539015538891596480e-01
9.272491441122328037e-01
9.101984552370229187e-01
2.982487040031892023e-01
9.131741239758344175e-01
5.691021504325380898e-01
9.791899491708804248e-01
9.131741239758344175e-01
9.791899491708804248e-01
9.131741239758344175e-01
9.774376389023918810e-01
9.791899491708804248e-01
8.416812721684852061e-01
9.791899491708804248e-01
9.791899491708804248e-01
9.131741239758344175e-01
9.727260119615829259e-01
9.727260119615829259e-01
9.727260119615829259e-01
9.727260119615829259e-01
9.727260119615829259e-01
9.727260119615829259e-01
9.791899491708804248e-01
9.781548712042963389e-01
9.727260119615829259e-01
9.227971108766069852e-01
9.727260119615829259e-01
9.727260119615829259e-01
9.781548712042963389e-01
9.727260119615829259e-01
9.781548712042963389e-01
9.781548712042963389e-01
9.727260119615829259e-01
9.227971108766069852e-01
9.727260119615829259e-01
8.445387514604212331e-01
9.227971108766069852e-01
9.227971108766069852e-01
5.599548931401341356e-01
9.727260119615829259e-01
5.434250677868771584e-01
5.630286346752022553e-01
9.727260119615829259e-01
2.417059180468454915e-01
8.001168255355534109e-01
3.921671528913921456e-01
9.727260119615829259e-01
9.727260119615829259e-01
1.251665205092110933e-01
9.370623994687136138e-01
2.469386927149739841e-01
8.014051151297012510e-01
9.727260119615829259e-01
8.014051151297012510e-01
4.074918906236378313e-01
3.452862011070301773e-01
9.192053969086344534e-01
9.727260119615829259e-01
6.940857501557741172e-01
8.177250160888895891e-01
5.557662636674737255e-01
9.727260119615829259e-01
8.812331559733543873e-01
4.045227978185032824e-02
8.128342648829601780e-01
9.227971108766069852e-01
3.875700921984386316e-01
9.727260119615829259e-01
7.350774611718312590e-01
9.727260119615829259e-01
1.318558009173774748e-01
2.982487040031892023e-01
4.638844761281400997e-01
9.101984552370229187e-01
9.727260119615829259e-01
9.727260119615829259e-01
1.206412501034123813e-01
1.580213938370793603e-01
7.063742860078334740e-01
9.101984552370229187e-01
9.272491441122328037e-01
9.101984552370229187e-01
9.101984552370229187e-01
6.131921198174995480e-01
7.539865009923165662e-01
1.596585798277727619e-01
9.637183522448387885e-02
1.988961396326393849e-01
3.785015142000660027e-01
3.124136051257339064e-01
5.202563426015145431e-01
5.691021504325380898e-01
4.101261365755222710e-01
4.391249522751050072e-01
1.671640279722931555e-01
7.397594857938996626e-02
6.331140235405987582e-01
3.124136051257339064e-01
5.634761113837289948e-01
1.364566954729186099e-01
5.632435194524829658e-01
5.319687632227468876e-01
1.309887908924274869e-01
7.121701148186675157e-02
3.100768163922303366e-01
1.337320392438220151e-01
6.276992696760463897e-02
1.023970414105626475e-01
2.255809386073926448e-01
3.271028260517241937e-01
6.149939790780604293e-02
5.776061696798153733e-01
8.648452264380273036e-01
8.274885873320096952e-01
9.539015538891596480e-01
9.539015538891596480e-01
8.059384905029260970e-01
9.539015538891596480e-01
9.539015538891596480e-01
7.931221176382433624e-01
6.810328926210549305e-01
9.539015538891596480e-01
7.931221176382433624e-01
9.539015538891596480e-01
9.539015538891596480e-01
9.539015538891596480e-01
7.931221176382433624e-01
9.442403808429139511e-01
9.539015538891596480e-01
7.931221176382433624e-01
6.810328926210549305e-01
8.059384905029260970e-01
8.059384905029260970e-01
9.539015538891596480e-01
7.931221176382433624e-01
7.931221176382433624e-01
8.059384905029260970e-01
9.442403808429139511e-01
6.810328926210549305e-01
1.492513538751077951e-02
8.254920486764425469e-01
4.137139718130983246e-02
2.493823697195631309e-02
9.797516887331021440e-01
9.124409977900060920e-01
9.797516887331021440e-01
9.797516887331021440e-01
8.801552821650532321e-01
8.069025445710185096e-01
5.671318899498046795e-01
9.164929253872620141e-01
8.069025445710185096e-01
9.797516887331021440e-01
8.069025445710185096e-01
9.124409977900060920e-01
9.797516887331021440e-01
9.736955649375095279e-01
9.281932176562369685e-01
8.641939316999448506e-01
2.967661262140245948e-01
8.746308313613089247e-01
9.736955649375095279e-01
8.886793693059283905e-01
2.560998600729359476e-01
9.736955649375095279e-01
8.594249391919092096e-01
4.782123096067630863e-01
4.022183263405295639e-01
9.736955649375095279e-01
8.886793693059283905e-01
9.286014011540157931e-01
9.286014011540157931e-01
9.286014011540157931e-01
9.286014011540157931e-01
8.383633568839102823e-01
7.018999631250087967e-01
8.459179315840011926e-01
9.017489619697139913e-01
9.017489619697139913e-01
9.017489619697139913e-01
9.017489619697139913e-01
9.017489619697139913e-01
5.619030788515212427e-01
9.135514902755168531e-01
9.135514902755168531e-01
9.629674636483747108e-01
9.629674636483747108e-01
9.017489619697139913e-01
9.135514902755168531e-01
9.629674636483747108e-01
9.349977237710953570e-01
9.318771021856014913e-01
9.769608821373378937e-01
8.296128166890527345e-01
9.290002522568763244e-01
8.886793693059283905e-01
6.575740495203037383e-01
6.315734963599098917e-01
7.281074045767202962e-01
9.141497243490610547e-01
1.810826648762958180e-01
3.961352566018702670e-02
6.661538576281305080e-01
9.469878066539757500e-01
5.361770885935299713e-01
6.646428532655500321e-02
8.048697072363728555e-01
7.909481176653788970e-02
6.394587943752902959e-01
7.548086255729684335e-02
6.692644231533910748e-01
3.108434380631612814e-01
8.745175158150960693e-01
5.518294423229549439e-01
5.792173828708256922e-01
9.164929253872620141e-01
7.074914947069559368e-01
5.671318899498046795e-01
9.590051396728570543e-01
2.009968593276996729e-01
1.314958073500143432e-01
3.399305318485322247e-01
8.429419034827719814e-01
8.152037651915305938e-01
3.068346642006945513e-01
6.565523024608183045e-01
9.286014011540157931e-01
1.611524644000666973e-01
8.298257686495132956e-01
5.181047757390245811e-01
8.069025445710185096e-01
7.529427623223261534e-02
6.220376408155914305e-01
4.349600820728257711e-01
4.349600820728257711e-01
4.349600820728257711e-01
4.349600820728257711e-01
4.349600820728257711e-01
4.349600820728257711e-01
4.349600820728257711e-01
8.549645800691245690e-01
9.398113839609577580e-01
9.403762832532822635e-01
9.346643982488979097e-01
9.017489619697139913e-01
3.855916109027161531e-01
7.162829310541696248e-01
9.338830418088591712e-01
9.324637319935552560e-01
8.659214570161927194e-01
7.985842576948793958e-01
5.023113655602297056e-01
9.629674636483747108e-01
6.702200297125768813e-01
8.057857712997629207e-01
9.629674636483747108e-01
9.629674636483747108e-01
9.629674636483747108e-01
9.629674636483747108e-01
9.629674636483747108e-01
9.629674636483747108e-01
9.629674636483747108e-01
9.629674636483747108e-01
9.629674636483747108e-01
8.996897181878379390e-01
9.207465335763238556e-01
5.701318985325422029e-01
9.481680961381633299e-01
7.590965572037017273e-01
3.024536754100445868e-01
6.712966230239174603e-01
8.725543571702214507e-01
8.085120539730373812e-01
7.784441325906060749e-01
6.341034437378340050e-01
3.872522257745389385e-01
8.298257686495132956e-01
9.975596269341777123e-02
7.578411271282861073e-01
5.526403015988926581e-01
8.459179315840011926e-01
9.389935848320904999e-01
1.095834302523471943e-01
7.140263364881160868e-01
9.047289730921295736e-02
8.824026888658416112e-01
8.744350931003205263e-01
7.686539742575669854e-01
8.519128997497338318e-01
9.286014011540157931e-01
1.114072238345335947e-01
4.277659024338232863e-01
7.102407037304845350e-01
7.275505566214276465e-01
2.199053827553946461e-01
7.414308174642674221e-01
1.773589643886505085e-01
8.254230030072730040e-01
9.548909120932747019e-01
7.203823203192405433e-01
3.338395681867840636e-01
3.338395681867840636e-01
2.184607248902883936e-01
9.058094096922022498e-01
9.058094096922022498e-01
9.058094096922022498e-01
9.058094096922022498e-01
9.058094096922022498e-01
9.058094096922022498e-01
9.058094096922022498e-01
9.058094096922022498e-01
9.058094096922022498e-01
9.058094096922022498e-01
9.058094096922022498e-01
9.058094096922022498e-01
3.127150130395335292e-01
7.022865825312485377e-01
2.062613156789112057e-01
3.007126019918042806e-02
1.458803783156789324e-01
6.336150469483806669e-01
8.812182657263413210e-01
9.413652646683980940e-01
8.188566038638126487e-01
9.413652646683980940e-01
2.128377830525303993e-01
7.955140218966400001e-01
9.829826728272086367e-01
9.829826728272086367e-01
9.341599709878354307e-01
9.336520787511621844e-01
9.341599709878354307e-01
9.829826728272086367e-01
9.526230612445186763e-01
9.829826728272086367e-01
9.312166931337663156e-01
9.829826728272086367e-01
9.312166931337663156e-01
9.617933502275322066e-01
9.711047113955197929e-01
9.617933502275322066e-01
9.617933502275322066e-01
9.711047113955197929e-01
9.617933502275322066e-01
9.617933502275322066e-01
9.617933502275322066e-01
9.617933502275322066e-01
9.617933502275322066e-01
9.617933502275322066e-01
8.956635598679506538e-01
9.617933502275322066e-01
9.617933502275322066e-01
9.617933502275322066e-01
9.617933502275322066e-01
7.904673086455396014e-01
7.235793071413757493e-01
7.955140218966400001e-01
7.059371284741418062e-01
7.059371284741418062e-01
4.215909977925538094e-02
6.044598317201256288e-01
2.853609190600202017e-01
6.798019281183191875e-01
2.422510578819437876e-01
7.504131481478527599e-01
5.695462785189499000e-01
6.745156294608063430e-01
2.540788209741715598e-01
5.437731277075685821e-01
2.085778785754351383e-01
1.855603874089117311e-01
2.072473778918900722e-01
1.101937926749122915e-01
1.949690148932045064e-01
7.762373371553981105e-01
9.294923407057704701e-01
9.341830598853028134e-01
2.128377830525303993e-01
9.307672905574791988e-01
3.078819697344208350e-01
7.463956283316250939e-01
4.998416176452056270e-01
1.740599578855962504e-01
1.850214678925700962e-01
6.562788123271900975e-02
4.760948368773222361e-01
9.913977357749291786e-01
8.034315250763994776e-01
8.034315250763994776e-01
9.808891510643049649e-01
2.835567581057621966e-01
2.443788626774933415e-01
5.479352645721123904e-01
3.909851264244046942e-01
1.211869407207034899e-01
9.693007095771712933e-01
9.693007095771712933e-01
5.445295488022403596e-01
1.976130626329739015e-01
7.574903589729325981e-01
9.668779582176235676e-01
3.909851264244046942e-01
9.124168360641315978e-01
6.559763120641806666e-02
1.658295158712222162e-01
1.368907302654714664e-01
9.352676612173518311e-01
9.220799059508996143e-01
9.350751706887647785e-01
8.991223100393427869e-02
6.184951523102344417e-01
9.511982116138988363e-01
8.953554428645558172e-01
8.991223100393427869e-02
1.864031687780027743e-02
1.368907302654714664e-01
8.034315250763994776e-01
9.404931611587470652e-02
2.626580933044538879e-01
6.810328926210549305e-01
4.021200710713563470e-02
1.358398130470042098e-01
1.887311016166733635e-01
2.606776107372181794e-01
6.671681043236630249e-01
1.008769452503895658e-01
5.585422297021231525e-02
8.661129158866061328e-02
6.871889229806416033e-02
5.896036035096764716e-02
9.186166991432663520e-02
2.230668774852785918e-01
9.679285387864048351e-01
7.672044798052292114e-01
9.608664789303134057e-01
9.608664789303134057e-01
9.608664789303134057e-01
9.608664789303134057e-01
9.608664789303134057e-01
9.608664789303134057e-01
9.608664789303134057e-01
9.608664789303134057e-01
9.608664789303134057e-01
9.797516887331021440e-01
1.730224364176818075e-01
9.797516887331021440e-01
8.239660931258103727e-01
9.406459212083754240e-01
9.797516887331021440e-01
8.801552821650532321e-01
7.349255535839278597e-01
7.349255535839278597e-01
6.390342137599259731e-01
9.920827756208495662e-01
6.390342137599259731e-01
9.869281995022211040e-01
6.390342137599259731e-01
9.789725097885429994e-01
8.706506085455146815e-01
9.488899516675916024e-01
9.822194026666589695e-01
9.557222576665416192e-01
9.789725097885429994e-01
9.822194026666589695e-01
9.064523056802844536e-01
9.727050377213263266e-01
9.727050377213263266e-01
9.727050377213263266e-01
9.539015538891596480e-01
9.789725097885429994e-01
9.727050377213263266e-01
9.727050377213263266e-01
9.313182202238331486e-01
7.837009537923383951e-01
7.837009537923383951e-01
7.837009537923383951e-01
7.837009537923383951e-01
6.352084012267628088e-01
8.159009775905908812e-01
9.279632632774589274e-01
8.006709742621281878e-01
8.707203926726923005e-01
8.598250095813984029e-01
1.914359085705095720e-01
6.221964091400806751e-01
7.474916112200593599e-01
1.101651986806265748e-01
7.272515296518711203e-01
7.363454899560856193e-01
7.903094993320665118e-01
9.628261525745583638e-02
4.168877143364666527e-01
3.010230233922308041e-01
8.706506085455146815e-01
8.328230017307814981e-01
2.100935567558662453e-01
6.089047213842763151e-02
9.727050377213263266e-01
3.453424654032580809e-01
2.879002577075417402e-01
4.073712845844539299e-01
8.257752480825202301e-01
4.062904153093903625e-01
5.737186522735482352e-01
2.433451549632612287e-01
9.370448314874595397e-01
7.933250854985187672e-01
7.506198208246305237e-01
9.020783005273844690e-01
7.988925233692749650e-01
8.894196147877370118e-01
9.727050377213263266e-01
6.643096959532853729e-01
7.610338519937034918e-02
3.121008383925256147e-01
1.393014336373784579e-01
9.291909913758396034e-01
9.291909913758396034e-01
9.291909913758396034e-01
7.636473189498068637e-01
9.449056328407243743e-01
7.823175618892781458e-01
9.180369454309974531e-01
7.636473189498068637e-01
9.755401067996263276e-01
7.823175618892781458e-01
9.291909913758396034e-01
8.541222495305751394e-01
8.224812972131962940e-01
9.176830947550944639e-01
9.583027070001139958e-01
3.943811235257538850e-01
7.763802987500045827e-01
7.959416058540729200e-01
7.959416058540729200e-01
8.038567790363514431e-01
6.727880667525549807e-01
4.142737604233864834e-01
8.038567790363514431e-01
7.445625830475766094e-01
5.774918071179147017e-01
7.763802987500045827e-01
5.774918071179147017e-01
7.959416058540729200e-01
5.050280482547919725e-01
4.396235432890770456e-01
4.396235432890770456e-01
4.396235432890770456e-01
9.031425754092302638e-01
4.396235432890770456e-01
7.445625830475766094e-01
5.774918071179147017e-01
4.396235432890770456e-01
2.364469915740962103e-01
4.396235432890770456e-01
4.396235432890770456e-01
4.396235432890770456e-01
2.364469915740962103e-01
4.396235432890770456e-01
4.396235432890770456e-01
4.396235432890770456e-01
4.396235432890770456e-01
4.396235432890770456e-01
4.396235432890770456e-01
4.396235432890770456e-01
4.396235432890770456e-01
4.142737604233864834e-01
4.396235432890770456e-01
4.396235432890770456e-01
9.597870110224812068e-01
6.146092243353374895e-01
6.146092243353374895e-01
9.031425754092302638e-01
9.221298382981617525e-01
9.221298382981617525e-01
7.268922652655176453e-01
9.155789684995738753e-01
6.300568762369153086e-01
8.734042617836186295e-01
9.158801704505001307e-02
1.356432313420639912e-01
8.224812972131962940e-01
9.180369454309974531e-01
6.146092243353374895e-01
3.941286681416716342e-01
4.128456911899958670e-01
2.541100199267633530e-01
9.031425754092302638e-01
5.786332564776595078e-01
2.006888738993418964e-01
1.299728138902490615e-01
1.487587950503486967e-01
6.816750512897187808e-02
2.544048129377274314e-01
8.368045382946261157e-02
7.120811583727588712e-01
7.902035866429905908e-02
9.093660139429753375e-01
4.710256913143319180e-01
5.337573112086416716e-01
8.120749418592153601e-01
3.346860480399136972e-01
4.735837044901785586e-01
8.364715037954971733e-01
1.328057609530737537e-01
6.244508907236214768e-01
6.244508907236214768e-01
4.434499284064017388e-01
7.601361936356780813e-01
7.694581248696608089e-01
1.151319010927715630e-01
2.208731103212343561e-01
5.946129470109785542e-01
6.599295575467710728e-01
7.836082782319938600e-01
2.241471311637076025e-01
4.168409938815409999e-01
6.443880747993186997e-01
6.613997508250388790e-01
6.043426979864466864e-01
2.321206131850583054e-01
6.142750630730593464e-01
9.456932894711439497e-01
4.966598418078351784e-01
6.519631982095753786e-01
7.063459247510430750e-01
6.970164175695573450e-01
9.350019671829733203e-02
7.763802987500045827e-01
6.995432957461571455e-01
1.424691447329792804e-01
6.929326277037159976e-01
9.243841215294114066e-01
9.243841215294114066e-01
9.243841215294114066e-01
7.741985702425411286e-01
2.487815372049793639e-01
2.241471311637076025e-01
9.333403652781849247e-02
6.781962323738567333e-01
6.244508907236214768e-01
5.919653261187275417e-01
7.669496117018737014e-02
1.696406155670059646e-01
7.733279173638213377e-01
2.020946791983729840e-01
6.146092243353374895e-01
9.476791505209957167e-01
9.286329347419622904e-01
8.667332619831588092e-01
7.466724709785053093e-01
6.471534542737635842e-01
9.193863155874215654e-01
3.658723568291640804e-01
9.636610159674869891e-01
7.213682820669840012e-01
8.642080548315242972e-01
8.624995997708390094e-01
8.624995997708390094e-01
1.247196183978122458e-01
2.333411890565955660e-01
1.278318019461164301e-01
3.747007507415061056e-01
1.023887891594035260e-01
5.738978250753403593e-02
5.738978250753403593e-02
5.738978250753403593e-02
5.738978250753403593e-02
5.738978250753403593e-02
1.701968814248255579e-01
7.658319807962695736e-01
7.453340015259112272e-01
6.582717864133474928e-01
6.032209189615969080e-01
2.050098286393826907e-01
5.176039918471386780e-01
8.195940532526976297e-01
7.878976545924536168e-02
7.698662748479845330e-02
8.801552821650532321e-01
8.994222349834963826e-01
8.994222349834963826e-01
9.851924412750667770e-01
8.801552821650532321e-01
8.994222349834963826e-01
9.755401067996263276e-01
8.970494695704615828e-02
1.003641511453033375e-01
9.564681507871864996e-01
7.066512506604912813e-01
8.994222349834963826e-01
8.994222349834963826e-01
7.887904187798726596e-01
8.110001141056031315e-01
5.400842041742033584e-02
9.477598026645421836e-01
9.477598026645421836e-01
9.477598026645421836e-01
5.400842041742033584e-02
9.434901401289329526e-01
7.394880345539068811e-01
8.059384905029260970e-01
9.477598026645421836e-01
8.059384905029260970e-01
9.434901401289329526e-01
6.230979560328456790e-01
9.477598026645421836e-01
9.122808733653320346e-01
8.059384905029260970e-01
9.001069690447529581e-01
9.001069690447529581e-01
7.394880345539068811e-01
8.059384905029260970e-01
9.001069690447529581e-01
9.122808733653320346e-01
9.434901401289329526e-01
9.001069690447529581e-01
9.001069690447529581e-01
9.477598026645421836e-01
8.496803781076746054e-01
8.059384905029260970e-01
9.122808733653320346e-01
9.001069690447529581e-01
8.059384905029260970e-01
9.001069690447529581e-01
9.001069690447529581e-01
7.931221176382433624e-01
9.001069690447529581e-01
9.001069690447529581e-01
1.509104980936315510e-01
1.509104980936315510e-01
9.477598026645421836e-01
8.496803781076746054e-01
5.421745865344693160e-02
5.400842041742033584e-02
8.107307869867514949e-01
1.860917112190019554e-02
9.020239559452610800e-01
6.831758599277685251e-01
9.019141022662922058e-01
9.434901401289329526e-01
2.593927242104322461e-01
2.593927242104322461e-01
9.001069690447529581e-01
9.001069690447529581e-01
8.603285014478597725e-01
1.661825246690005753e-01
8.126931433360647938e-01
5.253780256967087725e-01
6.896139137858506851e-01
3.655090969271632684e-01
2.163384010094624443e-01
4.191037214782020182e-01
9.265635894071837519e-01
5.774315177095900031e-01
5.497736234791430476e-01
2.460754552432701803e-01
6.617117193122906693e-01
6.262569466778714622e-01
6.866854967329136805e-01
6.285271479100394965e-01
7.955356275811618083e-01
8.666296894784896176e-01
9.477598026645421836e-01
9.313535851192906723e-01
6.766693115170530071e-01
6.766693115170530071e-01
6.259386001168120162e-01
6.874711020652272131e-01
1.154094597104310949e-01
7.844929729873609814e-01
7.066512506604912813e-01
7.519944935385786122e-01
7.545658619503292641e-01
2.050457356071824222e-01
6.639392235928102959e-02
7.594332828986789519e-01
8.505247925396837161e-01
6.526581748408309958e-01
5.712319178361001670e-01
4.781359637328370105e-01
7.104396913360669918e-01
9.424890377741961256e-01
7.434718008322825922e-01
6.789783877132765655e-01
6.397555588334289389e-01
4.763140261252357122e-01
4.780718341944551475e-01
2.425816388892834963e-01
6.365862725461354232e-01
8.388990188086170585e-01
8.283432299421477074e-01
4.225645029312893874e-01
7.625444575174493700e-01
3.112595893736538888e-01
7.157813608332299626e-01
9.284122580371462208e-01
8.740179710314858186e-01
8.488920793052553426e-01
9.585367922039443878e-01
8.902340130400028251e-01
8.971688251209813947e-01
8.902340130400028251e-01
9.585367922039443878e-01
9.585367922039443878e-01
7.867574442805794765e-01
2.205349598634685770e-02
2.205349598634685770e-02
2.205349598634685770e-02
2.205349598634685770e-02
8.797614632962069692e-02
8.209974865614190209e-01
8.750622555763494237e-01
6.448267251393051402e-02
7.796435338276792582e-01
5.171652776562715020e-02
7.157813608332299626e-01
6.521093803527377997e-02
8.920033416574465468e-01
5.847097223658084264e-01
6.896139137858506851e-01
9.848564018013056254e-01
4.867769059598165415e-01
7.597106807217230973e-01
9.792146485072741324e-01
9.016655817788031824e-01
6.817764599296217698e-01
4.780718341944551475e-01
9.058371591007986501e-01
8.388990188086170585e-01
7.893067989753487224e-01
2.542149238677493539e-01
7.770744284371858823e-01
8.837984703238744855e-01
4.947834825194206143e-01
3.432541474406062276e-01
7.593757097426148128e-01
9.016655817788031824e-01
7.180176834213728432e-01
7.790556455255558399e-01
9.400115220187966747e-01
8.920033416574465468e-01
8.877373695153597533e-01
8.303529648041545475e-01
2.059263393205997827e-01
7.217837096844933464e-01
1.714452635971183136e-01
5.438526445196716352e-01
2.198964385678257305e-01
3.021809850912771100e-01
5.548576305149109933e-01
5.565327005604402411e-01
5.565327005604402411e-01
5.565327005604402411e-01
5.565327005604402411e-01
5.565327005604402411e-01
5.565327005604402411e-01
5.565327005604402411e-01
5.565327005604402411e-01
5.565327005604402411e-01
5.565327005604402411e-01
5.565327005604402411e-01
5.565327005604402411e-01
5.565327005604402411e-01
3.021809850912771100e-01
7.233230785004416408e-01
5.565327005604402411e-01
1.068733160660682163e-01
1.019794322558455479e-01
4.623331634139235535e-01
4.694722644209497475e-01
7.722641052349195068e-01
4.694722644209497475e-01
4.165802560605137983e-01
9.114709229738265917e-01
7.336557199160312903e-01
7.942930987603852300e-01
7.017767965146135545e-01
8.898108098166708224e-01
6.932315545802724133e-01
7.653085315504851160e-02
2.369458777033220942e-01
4.310812511484468090e-01
6.023430037681040128e-01
7.201023719845793813e-01
7.293945221735038675e-01
7.590664704211121938e-01
9.504314644179937543e-01
6.340260243319149058e-01
6.591223505883844203e-01
8.661027535344083539e-01
9.736370471118918624e-02
1.586483299479245213e-01
2.152052037997245759e-01
6.946008491243690353e-01
8.382971819452336160e-01
1.185275159091371544e-01
8.140301696376425200e-01
1.805863189203733288e-01
8.797095938398640236e-01
4.424087668793514894e-01
3.156767064511318832e-01
1.811335860596622049e-01
8.131455505803228956e-01
8.801552821650532321e-01
8.801552821650532321e-01
2.916238701445830056e-02
2.737538290254084017e-01
8.801552821650532321e-01
2.241696046653240126e-01
3.046487688894088455e-02
4.095380260066376621e-02
7.751009472418138313e-02
9.509815363437518210e-01
5.454250459126151925e-03
1.047975158988075500e-01
8.801552821650532321e-01
8.801552821650532321e-01
8.801552821650532321e-01
8.336131924769581980e-01
9.435488901363990877e-01
8.801552821650532321e-01
9.524415589543612226e-01
8.640019487168023593e-01
9.492962063426511055e-01
2.078847683663517798e-02
9.524415589543612226e-01
7.419031391962571664e-01
8.640019487168023593e-01
9.435488901363990877e-01
9.280353957466095371e-01
8.336131924769581980e-01
7.732286385537830986e-01
9.691316072590967501e-01
9.570655857816654510e-01
9.075420338804315312e-01
9.691316072590967501e-01
9.691316072590967501e-01
9.021436287820118194e-01
8.612401403084564144e-01
9.691316072590967501e-01
8.435750897202517473e-01
8.309399492459131897e-01
5.483477558609578528e-01
9.524227296768081885e-01
8.533675921414338728e-01
5.483477558609578528e-01
9.524227296768081885e-01
9.798012757785687921e-01
5.403362021189070941e-01
7.969648542370255662e-01
9.524227296768081885e-01
9.524227296768081885e-01
9.524227296768081885e-01
9.961988696312236158e-01
2.271969493286801201e-01
6.352329510419632008e-01
1.431045067891075218e-01
8.339673731017233083e-01
4.564947685578405467e-01
6.438685139398820922e-01
6.787017737408652662e-01
4.671086012651172459e-02
5.734835427986078038e-01
6.788100045228222523e-01
5.888597910368236626e-02
2.546276933941546972e-01
9.549696784629925217e-01
9.549696784629925217e-01
9.336864918736739183e-01
5.846454554297833561e-02
1.749838069901313853e-01
1.032152546420934680e-01
6.231436666676951619e-01
1.945169217990700417e-01
6.764443178385521893e-01
3.047236018575728497e-02
8.886636140015372054e-02
5.846454554297833561e-02
5.483477558609578528e-01
9.524415589543612226e-01
8.740104621995183898e-01
8.104995069215181758e-01
8.680031203550211405e-01
7.703030569695995533e-01
7.969648542370255662e-01
1.360852422400841699e-01
9.560741815793180054e-01
5.422712142466175056e-01
3.494007824462804224e-01
4.096958052464403366e-01
5.734835427986078038e-01
5.112048257774755022e-01
7.693253849262804422e-02
2.939103592210509097e-01
8.281347928185763818e-01
7.352815000831386394e-02
7.997865430033652967e-02
8.668336376193001014e-01
8.973488018857860293e-01
8.973488018857860293e-01
8.973488018857860293e-01
9.511286665982086053e-01
9.511286665982086053e-01
9.511286665982086053e-01
9.401070586189509415e-01
8.844694273619684299e-01
8.944921216367995864e-01
7.622522680816287144e-01
7.877189076272164692e-02
7.840506100936994738e-01
9.056985013844733867e-01
9.056985013844733867e-01
6.864074756971353386e-01
2.901299246252396213e-01
7.583655585557427248e-01
8.869022715184060601e-01
9.451122216113517771e-01
7.863224790097366190e-01
3.212733499588281139e-01
8.325610077976943746e-01
7.439259044834574119e-01
7.801003761684087712e-01
8.526166390935153716e-01
9.542984778303402749e-01
8.526166390935153716e-01
9.542984778303402749e-01
3.304613312651723533e-01
9.828389351528232787e-01
9.542984778303402749e-01
9.542984778303402749e-01
8.526166390935153716e-01
8.219829287574113019e-01
9.542984778303402749e-01
9.542984778303402749e-01
5.990447488077616650e-02
1.988045262836202476e-01
9.828389351528232787e-01
7.133244221691896134e-03
9.828389351528232787e-01
3.304613312651723533e-01
8.526166390935153716e-01
7.314695907605900382e-01
9.828389351528232787e-01
9.828389351528232787e-01
7.062731463665508080e-01
7.133244221691896134e-03
8.240306393798597639e-01
5.990447488077616650e-02
9.789738573812422073e-01
1.677849034191175870e-01
6.593087063805228576e-01
3.304613312651723533e-01
7.216836033747740797e-02
8.526166390935153716e-01
9.925242151401589830e-01
8.288802981725222618e-02
8.219829287574113019e-01
1.494594333435512179e-01
9.542984778303402749e-01
7.314695907605900382e-01
7.855211644558149908e-01
5.395332471945999409e-01
8.625143950158835615e-01
5.395332471945999409e-01
5.395332471945999409e-01
5.733417228517008191e-01
5.023901294917267890e-01
4.603497550191280041e-01
8.625143950158835615e-01
1.053803281681838788e-01
7.665451357881560845e-01
8.069604071631693298e-02
8.801552821650532321e-01
9.766432361972956500e-01
9.766432361972956500e-01
8.499786079178855980e-01
9.766432361972956500e-01
9.766432361972956500e-01
9.766432361972956500e-01
8.801552821650532321e-01
8.568097505204498310e-01
8.937438863704221248e-01
8.721042864711288090e-01
7.805222446897553956e-01
8.568097505204498310e-01
9.340528968060697323e-01
8.937438863704221248e-01
8.721042864711288090e-01
8.568097505204498310e-01
9.340528968060697323e-01
8.694910609822757985e-01
8.694910609822757985e-01
8.653499985530200833e-01
8.694910609822757985e-01
9.042648251481900656e-01
9.126927573268022176e-01
8.694910609822757985e-01
9.126927573268022176e-01
6.922261700533863804e-01
8.669887927765180802e-01
9.042648251481900656e-01
7.805222446897553956e-01
8.611167584160323019e-01
7.805222446897553956e-01
9.191697219551158149e-01
2.679180214947300964e-01
5.358831818996715457e-01
1.986102984137684269e-01
5.922180657577091195e-02
5.540508250038070903e-01
4.655185720496513579e-01
4.162334583127877963e-01
2.539376540398260995e-01
2.200742119064827973e-01
5.160603474268785629e-01
8.483985367278802647e-02
6.531136660946322836e-01
7.635825086800073214e-01
6.452237643299861825e-01
6.751718607123201599e-01
3.328484809085308083e-01
3.328484809085308083e-01
1.912683356831377246e-01
1.664377523408017701e-01
4.749548561075485620e-01
7.862705283353902397e-01
6.595423424617790076e-01
8.599838174661971202e-01
7.826909124509738858e-01
2.788671706269922335e-01
2.763790626821545082e-01
6.750212717266956819e-01
9.251428333029286799e-01
3.135557195599605884e-01
3.135557195599605884e-01
6.202200347523270096e-01
1.915411411142403930e-01
2.075718642072958697e-01
9.797516887331021440e-01
9.797516887331021440e-01
9.797516887331021440e-01
9.797516887331021440e-01
9.797516887331021440e-01
9.797516887331021440e-01
9.797516887331021440e-01
9.797516887331021440e-01
9.797516887331021440e-01
9.797516887331021440e-01
8.499786079178855980e-01
7.961777119460098362e-01
8.149378098806244752e-01
1.407624621777762708e-01
9.291909913758396034e-01
9.291909913758396034e-01
9.291909913758396034e-01
9.291909913758396034e-01
5.595331825315236207e-01
5.595331825315236207e-01
3.786136097287121083e-01
6.140335072667891803e-01
4.926412700243789078e-01
9.797516887331021440e-01
3.967945304525562489e-01
9.291909913758396034e-01
9.291909913758396034e-01
9.291909913758396034e-01
9.291909913758396034e-01
9.291909913758396034e-01
9.291909913758396034e-01
9.291909913758396034e-01
8.073263960277352602e-01
8.073263960277352602e-01
8.073263960277352602e-01
8.073263960277352602e-01
7.098730484982516131e-01
9.291909913758396034e-01
9.291909913758396034e-01
9.291909913758396034e-01
7.659837830948224013e-01
7.236813128414809615e-01
9.797516887331021440e-01
9.797516887331021440e-01
9.797516887331021440e-01
7.425766248220583288e-01
7.425766248220583288e-01
7.425766248220583288e-01
7.425766248220583288e-01
5.695906932378537180e-01
8.149378098806244752e-01
9.797516887331021440e-01
9.797516887331021440e-01
9.797516887331021440e-01
9.603357716964366908e-01
9.603357716964366908e-01
9.797516887331021440e-01
9.797516887331021440e-01
9.126927573268022176e-01
7.885634494712759901e-01
4.372897415099133989e-01
7.644417623788378746e-01
9.495250071339056408e-01
7.805222446897553956e-01
4.592959399495186168e-01
4.379215092556069666e-01
2.938168076102845583e-01
1.763096838432027247e-01
7.801612403952624675e-01
8.994222349834963826e-01
8.994222349834963826e-01
8.994222349834963826e-01
9.755401067996263276e-01
8.994222349834963826e-01
4.297723386944300450e-01
2.603999493608111226e-02
2.603999493608111226e-02
2.603999493608111226e-02
2.603999493608111226e-02
2.603999493608111226e-02
2.603999493608111226e-02
2.603999493608111226e-02
2.603999493608111226e-02
2.603999493608111226e-02
1.884581751299551147e-02
3.073500902567273263e-01
3.482575638113030725e-01
1.392651371961330653e-01
3.566717925469728989e-01
3.103893410450370149e-01
2.392656855978194108e-01
1.342389816813220893e-01
7.506092060634347862e-02
1.777798201551433477e-01
4.172842865092556142e-02
9.084756416153229042e-01
9.084756416153229042e-01
9.816406765491937358e-01
9.084756416153229042e-01
9.084756416153229042e-01
9.084756416153229042e-01
9.816406765491937358e-01
8.352277422271923157e-01
4.688640716833087918e-01
8.974476500888439734e-01
8.352277422271923157e-01
8.644852206405301276e-01
4.060406905509188480e-01
7.493820573495039161e-01
1.203153755362566801e-01
2.515053505626934083e-01
2.872019225327124975e-02
9.701552957526656806e-01
9.701552957526656806e-01
6.252512815932619039e-02
6.753472806068605561e-02
5.440233825211333168e-02
1.241569355694286010e-02
9.083263130816278397e-02
3.507411806832667622e-01
2.380675453684194531e-01
2.596825949685915291e-01
2.188049435196280992e-02
1.905013795922900488e-01
3.665780643800324312e-01
2.367259902903417201e-01
1.183060185758109950e-01
3.262999832283410284e-01
2.869876925804213941e-01
4.005999512813435831e-02
9.068241000265335749e-01
8.774829740006128143e-01
8.159721529070778079e-01
9.701552957526656806e-01
8.159721529070778079e-01
8.159721529070778079e-01
8.159721529070778079e-01
8.644852206405301276e-01
8.159721529070778079e-01
8.774829740006128143e-01
4.560040583323798913e-02
4.749601561129722649e-01
4.971231427071742259e-01
9.453199676584800315e-01
1.438803299450570894e-01
2.429481277789853899e-01
2.208071249681226589e-01
8.774829740006128143e-01
8.774829740006128143e-01
8.774829740006128143e-01
8.774829740006128143e-01
3.613627528823994822e-02
8.774829740006128143e-01
5.846493294939392182e-01
1.109479245490000709e-01
8.929654494816693378e-01
7.758677800655541246e-01
5.928950979540099642e-01
5.928950979540099642e-01
7.758677800655541246e-01
8.768472342711906009e-01
7.660631526075042386e-01
8.768472342711906009e-01
7.660631526075042386e-01
4.025970367993993437e-01
7.816269913117076529e-01
7.816269913117076529e-01
4.025970367993993437e-01
9.247029913699558179e-01
2.596251412917855439e-01
7.121027080359489947e-01
4.204225250272634606e-01
1.580121043873527198e-01
7.716609240903022915e-01
5.504860234346929948e-01
4.242515868203397544e-01
5.113727163494232730e-01
7.042548463243211154e-01
8.833566978214761889e-01
6.274805758894366203e-01
3.650469025209116536e-01
2.748341047847950303e-01
9.231443358869271254e-01
8.262107898669429629e-01
8.994222349834963826e-01
7.648663680095488804e-01
7.492857869783219327e-01
2.578319377499525555e-01
8.801552821650532321e-01
8.801552821650532321e-01
4.934133217264435323e-01
3.159003001760257168e-01
9.255084504300706838e-01
5.280408219301643280e-01
7.639878544612110911e-01
3.042058938664053414e-01
4.390659262009732888e-01
9.307389529212479751e-01
9.307389529212479751e-01
9.307389529212479751e-01
6.452657129341167197e-01
7.751270050156997549e-01
2.877901315510171809e-01
6.060831802530780577e-01
6.526443126789451821e-01
8.495479838329943467e-01
2.726696892096806546e-01
1.884655159874228658e-01
9.159896769791433524e-01
2.755203333038751534e-01
1.435547318017200980e-01
1.195334789005336046e-01
3.327459436120684955e-01
9.010612106314624947e-01
5.475557449112737896e-01
6.629590721778425011e-02
2.361396948874073809e-01
1.206103399971717172e-01
5.704813557973470450e-01
1.963056171960298468e-01
3.499007178285708508e-01
6.062862150991901178e-01
2.842722639427124054e-02
6.364146162448733324e-02
1.396581338917971538e-01
1.453893320687277835e-01
5.616169618150540499e-01
5.847821374536733563e-01
1.310613117935326699e-01
7.450267198697211324e-01
8.564945685006462028e-01
9.233831211333571876e-01
9.840169757960378627e-01
9.833802081300760944e-01
5.678014057667033487e-01
9.840169757960378627e-01
9.448870806829832159e-01
9.692484231118938531e-01
9.692484231118938531e-01
9.692484231118938531e-01
9.692484231118938531e-01
9.692484231118938531e-01
9.692484231118938531e-01
9.692484231118938531e-01
9.809918926046624632e-01
9.243559104806096105e-01
9.519600072440170813e-02
9.556607785489154017e-01
7.492367996621017712e-01
2.383058450815875862e-01
5.851502963882339037e-01
2.092336964579080139e-01
6.626464708484621768e-01
4.349494728551406841e-01
2.293786107248816930e-01
7.666612523294467074e-01
3.014667045605130546e-01
9.623885502167099926e-01
6.043359797936432853e-01
8.503352167650354287e-01
8.976071560606091460e-01
9.247130299115871033e-01
6.850528858183519976e-01
9.691940933063390995e-01
9.297564448468108589e-01
9.243559104806096105e-01
6.267697439691126693e-01
7.167892550329940660e-01
8.993772870562087851e-01
9.256009061589154374e-01
8.726061223975029035e-01
6.566735072279642482e-01
8.381135014842800990e-01
5.446993007395617425e-01
5.446993007395617425e-01
5.446993007395617425e-01
5.446993007395617425e-01
5.446993007395617425e-01
5.446993007395617425e-01
5.446993007395617425e-01
9.408339779363855682e-01
9.408339779363855682e-01
9.408339779363855682e-01
9.408339779363855682e-01
9.408339779363855682e-01
9.302078573452455812e-01
8.206266315636671083e-01
8.206266315636671083e-01
8.206266315636671083e-01
8.420999921364403784e-01
1.764068185576921910e-01
8.206266315636671083e-01
9.641454825802588946e-01
9.816406765491937358e-01
9.816406765491937358e-01
9.641454825802588946e-01
9.816406765491937358e-01
1.424409763392983086e-01
8.528453285023096520e-01
8.528453285023096520e-01
9.391940672161653847e-01
1.484059723014897469e-01
8.713255117545820605e-01
8.529561901592360718e-01
5.488666693324482093e-01
1.045314810930053628e-01
6.094424001401815838e-01
9.525527242568180286e-01
1.867252794434868524e-01
8.878171528256680045e-02
6.995043602210888611e-01
7.312026346466235505e-02
7.657277840091512022e-01
3.157978583826479002e-01
8.528453285023096520e-01
9.641454825802588946e-01
4.740092827437535766e-02
9.136150176902403386e-01
9.378230047253397483e-01
6.069440977326514552e-01
9.302078573452455812e-01
6.290074335883858447e-01
9.299364879602296519e-01
8.876986329706825218e-01
9.302078573452455812e-01
6.860959717991883533e-01
7.046829146583336589e-01
8.692350182935988379e-01
6.766159541669523048e-01
1.517571428046484150e-01
4.245178667294969843e-01
6.810328926210549305e-01
6.810328926210549305e-01
6.810328926210549305e-01
8.994881726677119715e-01
7.056721732031300265e-01
6.810328926210549305e-01
6.810328926210549305e-01
5.126448881537728486e-01
5.838722564975932228e-01
1.136236735030836664e-01
9.302078573452455812e-01
9.302078573452455812e-01
9.299364879602296519e-01
9.302078573452455812e-01
9.302078573452455812e-01
7.997758985992037273e-01
2.175939914867976444e-01
1.869859766246644017e-01
8.322348441843027689e-02
8.974476500888439734e-01
6.290074335883858447e-01
9.299364879602296519e-01
2.175939914867976444e-01
2.005388902714154431e-01
9.299364879602296519e-01
2.091066958887475846e-01
9.299364879602296519e-01
3.841054584178538178e-02
1.034230062699815489e-01
1.068101067475748095e-01
7.937465601572463170e-01
7.937465601572463170e-01
4.705417820039805576e-01
3.804644500835549503e-01
3.804644500835549503e-01
7.639639649870415550e-01
7.639639649870415550e-01
7.639639649870415550e-01
5.486912250131019686e-01
4.790323499706879984e-01
7.178135920544880255e-01
8.371443908487880003e-01
4.805892555101344554e-02
2.549024525840223321e-01
1.981274850376214258e-01
8.112963528177524752e-01
4.473838089560165932e-01
5.297812296672689270e-01
7.063298967854837462e-01
4.905933643862323557e-01
2.089734571075771152e-01
2.646079304631079321e-01
7.031590643872809299e-01
8.727222634819710168e-01
7.937465601572463170e-01
1.357634536923622848e-01
4.559981691771404222e-01
1.160160090189994858e-01
9.487677078051257595e-01
8.727672808148311256e-01
6.684129841576128550e-01
4.905048660264121341e-01
1.814604046902382195e-01
1.325963203951898428e-01
3.980282810065452481e-01
4.621247250381941285e-01
1.674178004105001116e-01
1.858021604069484967e-01
1.678365461679593995e-01
7.067419257112174114e-01
2.840492022049495580e-01
3.518942936546322064e-01
1.160160090189994858e-01
3.244573320926203430e-01
1.678365461679593995e-01
1.726081035966182120e-01
1.022639035981404571e-01
1.554139317631615114e-01
8.640465814483323514e-01
8.640465814483323514e-01
8.639265060810709107e-01
8.639265060810709107e-01
8.639265060810709107e-01
8.639265060810709107e-01
8.639265060810709107e-01
6.055077002671472863e-01
5.939208844873935522e-01
8.639265060810709107e-01
8.639265060810709107e-01
8.639265060810709107e-01
7.575259065016189952e-01
4.514175582483286875e-01
8.801552821650532321e-01
8.801552821650532321e-01
2.294795070513647450e-01
8.805725576632490448e-01
8.816141842732261313e-01
8.816141842732261313e-01
9.190889065074727693e-01
9.190889065074727693e-01
9.041595600926881637e-01
1.420520511868472169e-01
3.316648690372972497e-01
4.230479231447419053e-02
8.551370900577347500e-01
2.429123099539203801e-01
6.343125409954013527e-01
3.451356381287521424e-01
5.323502497758052510e-01
5.893721486672678367e-01
6.783063266133033675e-01
6.782930874974973934e-01
8.455694282607705281e-01
1.209444144275645255e-01
8.923194948389699954e-01
2.034778595452882144e-01
9.028429740515245827e-01
8.066951451480173230e-01
9.379156680792632983e-01
8.069942946404721207e-01
9.449056328407243743e-01
2.833704250524078372e-01
7.445572906021599158e-01
7.445572906021599158e-01
7.558144177257667407e-01
2.833704250524078372e-01
7.558144177257667407e-01
6.214515115622304409e-01
7.184355852838316681e-01
6.098208414230424923e-01
6.098208414230424923e-01
2.833704250524078372e-01
6.653414301520191865e-01
9.352652795498936911e-01
3.421378862198877768e-01
1.588847748847380947e-01
6.420133682498306849e-01
4.320526732478149889e-01
7.848352942565892110e-02
3.348433979835616775e-02
3.043264438607878875e-01
3.479375772876246997e-01
4.335875806800955079e-01
2.216386684291148657e-01
5.356199529920037117e-01
1.539472815347333601e-01
9.404548548968991173e-02
7.708182512122434271e-02
5.738845584493315055e-01
1.338258633587975643e-01
6.389878688403622942e-01
4.715192133360097126e-01
7.558144177257667407e-01
8.455532032508850104e-01
8.455532032508850104e-01
8.455532032508850104e-01
1.189269217103472026e-01
6.060992983098788534e-01
8.507812691626117640e-01
4.227676025305520113e-01
6.430763644545692825e-01
6.303346067205474190e-01
5.018358481534910265e-01
1.375209565847821669e-01
2.324705833751802286e-01
2.528022988032316287e-01
8.430148027616720663e-01
7.558144177257667407e-01
1.284934102831524760e-01
8.909718484096201818e-02
6.416996786476534265e-01
8.604398171977570287e-02
1.701412389716353557e-01
4.588807818694906615e-01
7.481665695811702266e-01
3.730431905239357526e-01
2.980306737469870515e-01
3.926600181837604508e-01
9.213724626820598562e-01
7.546286678536821002e-01
2.026337473351335350e-01
4.715192133360097126e-01
4.549908757057146702e-01
9.824373839122891860e-01
9.852820527836571030e-01
8.775520037931552331e-01
6.219206119724455251e-01
8.801552821650532321e-01
6.491884022531051457e-01
6.491884022531051457e-01
6.491884022531051457e-01
6.491884022531051457e-01
6.491884022531051457e-01
6.491884022531051457e-01
6.491884022531051457e-01
6.491884022531051457e-01
8.734050721803100492e-01
6.491884022531051457e-01
1.930748968439541247e-01
1.930748968439541247e-01
1.930748968439541247e-01
1.930748968439541247e-01
9.116166615196994449e-01
2.824512355786053530e-01
4.979760971301083750e-01
1.529387662415109539e-01
6.707646774892036534e-01
7.626395258005527200e-01
1.903057612694323275e-01
5.289149643840934667e-02
4.450706993504049414e-01
9.294675851449344384e-01
7.268311459101199912e-01
1.064796461946422440e-01
5.525827935984776174e-01
9.111572527061053695e-01
4.070836178170116892e-01
5.901424579513055990e-01
9.206399296793047471e-01
9.001277797520669255e-01
7.024272443166895696e-01
9.246368205232210480e-01
7.652798503254754081e-01
8.335818588017170905e-01
5.726358532203283946e-01
9.139934413206255437e-01
8.708757710483827630e-01
7.113608189083824307e-01
9.139934413206255437e-01
6.498243889069323931e-01
1.482315704251201405e-01
9.139934413206255437e-01
7.732053351723974788e-02
1.636198683854432068e-01
4.110742779455541229e-01
2.527226470077171272e-01
1.940503339717974396e-01
3.511891271228240186e-01
3.780166305446750474e-01
2.150306962899193319e-01
2.631081513227368496e-01
8.430783396817775888e-01
8.590955547491053723e-01
3.234495458361666964e-01
8.801552821650532321e-01
3.918807240507670708e-01
3.918807240507670708e-01
3.918807240507670708e-01
3.918807240507670708e-01
7.214851151870100843e-01
3.918807240507670708e-01
8.659010283323962387e-01
9.517856988284768560e-01
9.257412225850049081e-01
5.334761898651423362e-01
3.090415306676595475e-01
3.918807240507670708e-01
1.904350820432389735e-01
4.530100252870080113e-01
4.129310136517923002e-01
6.174646856465520334e-02
7.318940734438674767e-01
4.060611105266171417e-01
9.972874897179602460e-02
2.473144676983106416e-01
4.402370496089318408e-01
9.105490664277918755e-01
3.375632074849860831e-01
5.590685587960806391e-01
2.231326330283784354e-01
1.533001290496999180e-01
6.575729197368849199e-01
5.366941712424675437e-01
1.136206990369019870e-01
6.400668488069491957e-01
2.887278860880272413e-01
8.104417285144683847e-01
7.960410426074613355e-01
8.404367084761937834e-01
6.400668488069491957e-01
7.567237495247809420e-01
7.567237495247809420e-01
7.567237495247809420e-01
7.665471014739198841e-02
8.741364915367203503e-01
7.567237495247809420e-01
7.567237495247809420e-01
1.046412677915968398e-01
8.894468326401842040e-01
1.427650802211010428e-01
8.894468326401842040e-01
8.801552821650532321e-01
9.344797010500881518e-01
1.427650802211010428e-01
7.665471014739198841e-02
1.881247778377176938e-01
8.801552821650532321e-01
8.801552821650532321e-01
4.698900711328202889e-02
1.113429323609091137e-01
2.346122259757252859e-01
8.801552821650532321e-01
8.425447403250717338e-02
1.046412677915968398e-01
6.555254581421058324e-01
2.663665563328669328e-01
7.567237495247809420e-01
4.483634084242620887e-01
5.831669742897974684e-01
5.860562125999936312e-01
7.665471014739198841e-02
7.665471014739198841e-02
6.486218251910754740e-01
2.430977575356159104e-01
2.243857564525958415e-02
5.272072960052912038e-02
4.939040906244046569e-01
8.807093249948953761e-02
8.879014363215356753e-02
7.567237495247809420e-01
1.308333949671263152e-01
8.034108547089890973e-01
1.427650802211010428e-01
2.478696987145233288e-01
2.144907122056504412e-01
4.483634084242620887e-01
1.061416296518629815e-01
1.376315680497260385e-01
1.971733916110278984e-01
8.685254470672878480e-01
7.676609148480757483e-01
1.046412677915968398e-01
2.144907122056504412e-01
1.046412677915968398e-01
1.655815702052323146e-01
1.683867424561127091e-01
1.683867424561127091e-01
6.735760746115609932e-01
9.314398793755782613e-01
9.314398793755782613e-01
9.314398793755782613e-01
9.314398793755782613e-01
9.314398793755782613e-01
9.314398793755782613e-01
9.314398793755782613e-01
9.314398793755782613e-01
9.314398793755782613e-01
8.135580002373368202e-01
8.855857894985708079e-02
7.005155226143379155e-01
9.314398793755782613e-01
1.142653982194177520e-01
6.606686626154617548e-01
3.464733424941621176e-01
6.846523875910816015e-01
1.770091901055297415e-02
8.281305684600309691e-01
1.844897756333729877e-02
3.464733424941621176e-01
2.498233036229773329e-01
5.701272852883787490e-01
9.903065839078940558e-01
7.887904187798726596e-01
4.912473897758148911e-01
1.251289465548501845e-01
1.251289465548501845e-01
1.251289465548501845e-01
1.251289465548501845e-01
6.937126373253443834e-02
9.413652646683980940e-01
8.801661509443662323e-01
4.448734243457591608e-01
4.448734243457591608e-01
4.448734243457591608e-01
8.499222660427525611e-01
9.048007132520274887e-01
4.384389387857022813e-01
1.227229309738676610e-01
6.900749251430354780e-01
8.660897186480639443e-01
4.451045791432035881e-02
3.332032443637233943e-01
9.344478455401747929e-01
8.670891163994225437e-01
8.771347479289777205e-01
7.425276228494882558e-01
9.683104480781438150e-01
9.665009592167500552e-01
1.132416527064194212e-01
1.025045213829796631e-01
8.330286945571763191e-01
1.976963022312465124e-01
1.104806940265093407e-01
5.895838903938679376e-01
1.166701705377319737e-01
7.635710118382116329e-01
2.011668058015742555e-01
1.198470742650190879e-01
8.541009610313108347e-01
8.693526007729039939e-01
8.897085657959917793e-01
8.897085657959917793e-01
7.987696128183719990e-01
8.812010881774406945e-01
7.193832451552392149e-01
8.349971324833125319e-01
8.872609145074892290e-01
7.303299977270789611e-01
7.303299977270789611e-01
8.872609145074892290e-01
8.741401399001955674e-01
8.741401399001955674e-01
7.098590123579846534e-01
3.145126213668631432e-01
7.199111941109922475e-01
6.458760173460234011e-01
6.458760173460234011e-01
7.357264527222181494e-01
7.357264527222181494e-01
6.458760173460234011e-01
2.651545443302416039e-01
4.385062427580212197e-02
2.596769804851161711e-01
9.827110610446834760e-02
7.155681476581294831e-01
8.343420284800731057e-01
9.776841767321705623e-01
3.787056286256320070e-01
2.089036017432781278e-01
7.777890986961328856e-01
1.720261501911010960e-01
7.215632928848271233e-01
1.345295797495169379e-02
3.506339614695101470e-01
9.414164139180630775e-01
9.414164139180630775e-01
3.506339614695101470e-01
5.496291998490441394e-02
9.107476605523598945e-01
4.325529496330965951e-01
7.796918859794172985e-01
1.114112304593097430e-01
1.320554659108419959e-01
3.554282656900455417e-01
9.672162114790072707e-01
1.504470716461029645e-01
8.731041739042650907e-01
8.355607123883348475e-01
2.994131482179856474e-01
7.595670083745915679e-01
